"","DeployID","Ptt","DepthSensor","Source","Instr","Count","Start","End","LocationQuality","Latitude","Longitude","MinDepth","MinDepthAccuracy","MaxDepth","MaxDepthAccuracy","MinTemp","MinTempAccuracy","MaxTemp","MaxTempAccuracy","MobMean","MobSD","ActivitySum"
"1","ZcTag092",180761,1,"Transmission","Mk10",35,"12:00:00 30-Jul-2019","16:00:00 30-Jul-2019",NA,NA,NA,0,0,1168,15.5,NA,NA,NA,NA,NA,NA,NA
"2","ZcTag092",180761,1,"Transmission","Mk10",30,"16:00:00 30-Jul-2019","20:00:00 30-Jul-2019",NA,NA,NA,0,0,1360,15.5,NA,NA,NA,NA,NA,NA,NA
"3","ZcTag092",180761,1,"Transmission","Mk10",33,"20:00:00 30-Jul-2019","00:00:00 31-Jul-2019",NA,NA,NA,0,0,1104,15.5,NA,NA,NA,NA,NA,NA,NA
"4","ZcTag092",180761,1,"Transmission","Mk10",26,"00:00:00 31-Jul-2019","04:00:00 31-Jul-2019",NA,NA,NA,0,0,1392,15.5,NA,NA,NA,NA,NA,NA,NA
"5","ZcTag092",180761,1,"Transmission","Mk10",25,"04:00:00 31-Jul-2019","08:00:00 31-Jul-2019",NA,NA,NA,0,0,1520,15.5,NA,NA,NA,NA,NA,NA,NA
"6","ZcTag092",180761,1,"Transmission","Mk10",30,"08:00:00 31-Jul-2019","12:00:00 31-Jul-2019",NA,NA,NA,0,0,1712,15.5,NA,NA,NA,NA,NA,NA,NA
"7","ZcTag092",180761,1,"Transmission","Mk10",29,"12:00:00 31-Jul-2019","16:00:00 31-Jul-2019",NA,NA,NA,0,0,1776,15.5,NA,NA,NA,NA,NA,NA,NA
"8","ZcTag092",180761,1,"Transmission","Mk10",16,"16:00:00 31-Jul-2019","20:00:00 31-Jul-2019",NA,NA,NA,0,0,1456,15.5,NA,NA,NA,NA,NA,NA,NA
"9","ZcTag092",180761,1,"Transmission","Mk10",26,"20:00:00 31-Jul-2019","00:00:00 01-Aug-2019",NA,NA,NA,0,0,1232,15.5,NA,NA,NA,NA,NA,NA,NA
"10","ZcTag092",180761,1,"Transmission","Mk10",23,"00:00:00 01-Aug-2019","04:00:00 01-Aug-2019",NA,NA,NA,0,0,1456,15.5,NA,NA,NA,NA,NA,NA,NA
"11","ZcTag092",180761,1,"Transmission","Mk10",21,"04:00:00 01-Aug-2019","08:00:00 01-Aug-2019",NA,NA,NA,0,0,1616,15.5,NA,NA,NA,NA,NA,NA,NA
"12","ZcTag092",180761,1,"Transmission","Mk10",21,"08:00:00 01-Aug-2019","12:00:00 01-Aug-2019",NA,NA,NA,0,0,1424,15.5,NA,NA,NA,NA,NA,NA,NA
"13","ZcTag092",180761,1,"Transmission","Mk10",19,"12:00:00 01-Aug-2019","16:00:00 01-Aug-2019",NA,NA,NA,0,0,1488,15.5,NA,NA,NA,NA,NA,NA,NA
"14","ZcTag092",180761,1,"Transmission","Mk10",15,"16:00:00 01-Aug-2019","20:00:00 01-Aug-2019",NA,NA,NA,0,0,1456,15.5,NA,NA,NA,NA,NA,NA,NA
"15","ZcTag092",180761,1,"Transmission","Mk10",15,"20:00:00 01-Aug-2019","00:00:00 02-Aug-2019",NA,NA,NA,0,0,1744,15.5,NA,NA,NA,NA,NA,NA,NA
"16","ZcTag092",180761,1,"Transmission","Mk10",15,"00:00:00 02-Aug-2019","04:00:00 02-Aug-2019",NA,NA,NA,0,0,1392,15.5,NA,NA,NA,NA,NA,NA,NA
"17","ZcTag092",180761,1,"Transmission","Mk10",17,"04:00:00 02-Aug-2019","08:00:00 02-Aug-2019",NA,NA,NA,0,0,1232,15.5,NA,NA,NA,NA,NA,NA,NA
"18","ZcTag092",180761,1,"Transmission","Mk10",10,"08:00:00 02-Aug-2019","12:00:00 02-Aug-2019",NA,NA,NA,0,0,1232,15.5,NA,NA,NA,NA,NA,NA,NA
"19","ZcTag092",180761,1,"Transmission","Mk10",18,"12:00:00 02-Aug-2019","16:00:00 02-Aug-2019",NA,NA,NA,0,0,1232,15.5,NA,NA,NA,NA,NA,NA,NA
"20","ZcTag092",180761,1,"Transmission","Mk10",17,"16:00:00 02-Aug-2019","20:00:00 02-Aug-2019",NA,NA,NA,0,0,1296,15.5,NA,NA,NA,NA,NA,NA,NA
"21","ZcTag092",180761,1,"Transmission","Mk10",13,"20:00:00 02-Aug-2019","00:00:00 03-Aug-2019",NA,NA,NA,0,0,1424,15.5,NA,NA,NA,NA,NA,NA,NA
"22","ZcTag092",180761,1,"Transmission","Mk10",20,"00:00:00 03-Aug-2019","04:00:00 03-Aug-2019",NA,NA,NA,0,0,1424,15.5,NA,NA,NA,NA,NA,NA,NA
"23","ZcTag092",180761,1,"Transmission","Mk10",19,"04:00:00 03-Aug-2019","08:00:00 03-Aug-2019",NA,NA,NA,0,0,1360,15.5,NA,NA,NA,NA,NA,NA,NA
"24","ZcTag092",180761,1,"Transmission","Mk10",18,"08:00:00 03-Aug-2019","12:00:00 03-Aug-2019",NA,NA,NA,0,0,1136,15.5,NA,NA,NA,NA,NA,NA,NA
"25","ZcTag092",180761,1,"Transmission","Mk10",11,"12:00:00 03-Aug-2019","16:00:00 03-Aug-2019",NA,NA,NA,0,0,1296,15.5,NA,NA,NA,NA,NA,NA,NA
"26","ZcTag092",180761,1,"Transmission","Mk10",11,"16:00:00 03-Aug-2019","20:00:00 03-Aug-2019",NA,NA,NA,0,0,1456,15.5,NA,NA,NA,NA,NA,NA,NA
"27","ZcTag092",180761,1,"Transmission","Mk10",11,"20:00:00 03-Aug-2019","00:00:00 04-Aug-2019",NA,NA,NA,0,0,1424,15.5,NA,NA,NA,NA,NA,NA,NA
"28","ZcTag092",180761,1,"Transmission","Mk10",13,"00:00:00 04-Aug-2019","04:00:00 04-Aug-2019",NA,NA,NA,0,0,1136,15.5,NA,NA,NA,NA,NA,NA,NA
"29","ZcTag092",180761,1,"Transmission","Mk10",21,"04:00:00 04-Aug-2019","08:00:00 04-Aug-2019",NA,NA,NA,0,0,1264,15.5,NA,NA,NA,NA,NA,NA,NA
"30","ZcTag092",180761,1,"Transmission","Mk10",13,"08:00:00 04-Aug-2019","12:00:00 04-Aug-2019",NA,NA,NA,0,0,1200,15.5,NA,NA,NA,NA,NA,NA,NA
"31","ZcTag092",180761,1,"Transmission","Mk10",12,"12:00:00 04-Aug-2019","16:00:00 04-Aug-2019",NA,NA,NA,0,0,1200,15.5,NA,NA,NA,NA,NA,NA,NA
"32","ZcTag092",180761,1,"Transmission","Mk10",17,"16:00:00 04-Aug-2019","20:00:00 04-Aug-2019",NA,NA,NA,0,0,1200,15.5,NA,NA,NA,NA,NA,NA,NA
"33","ZcTag092",180761,1,"Transmission","Mk10",13,"20:00:00 04-Aug-2019","00:00:00 05-Aug-2019",NA,NA,NA,0,0,1040,15.5,NA,NA,NA,NA,NA,NA,NA
"34","ZcTag092",180761,1,"Transmission","Mk10",13,"00:00:00 05-Aug-2019","04:00:00 05-Aug-2019",NA,NA,NA,0,0,1360,15.5,NA,NA,NA,NA,NA,NA,NA
"35","ZcTag092",180761,1,"Transmission","Mk10",14,"04:00:00 05-Aug-2019","08:00:00 05-Aug-2019",NA,NA,NA,0,0,1648,15.5,NA,NA,NA,NA,NA,NA,NA
"36","ZcTag092",180761,1,"Transmission","Mk10",14,"08:00:00 05-Aug-2019","12:00:00 05-Aug-2019",NA,NA,NA,5,0,1424,15.5,NA,NA,NA,NA,NA,NA,NA
"37","ZcTag092",180761,1,"Transmission","Mk10",9,"12:00:00 05-Aug-2019","16:00:00 05-Aug-2019",NA,NA,NA,0,0,1200,15.5,NA,NA,NA,NA,NA,NA,NA
"38","ZcTag092",180761,1,"Transmission","Mk10",14,"16:00:00 05-Aug-2019","20:00:00 05-Aug-2019",NA,NA,NA,0,0,1264,15.5,NA,NA,NA,NA,NA,NA,NA
"39","ZcTag092",180761,1,"Transmission","Mk10",11,"20:00:00 05-Aug-2019","00:00:00 06-Aug-2019",NA,NA,NA,0,0,848,7.5,NA,NA,NA,NA,NA,NA,NA
"40","ZcTag092",180761,1,"Transmission","Mk10",7,"00:00:00 06-Aug-2019","04:00:00 06-Aug-2019",NA,NA,NA,0,0,1648,15.5,NA,NA,NA,NA,NA,NA,NA
"41","ZcTag092",180761,1,"Transmission","Mk10",6,"04:00:00 06-Aug-2019","08:00:00 06-Aug-2019",NA,NA,NA,35,0,608,7.5,NA,NA,NA,NA,NA,NA,NA
"42","ZcTag092",180761,1,"Transmission","Mk10",12,"08:00:00 06-Aug-2019","12:00:00 06-Aug-2019",NA,NA,NA,8,0,2096,31.5,NA,NA,NA,NA,NA,NA,NA
"43","ZcTag092",180761,1,"Transmission","Mk10",7,"12:00:00 06-Aug-2019","16:00:00 06-Aug-2019",NA,NA,NA,24,0,1488,15.5,NA,NA,NA,NA,NA,NA,NA
"44","ZcTag092",180761,1,"Transmission","Mk10",13,"16:00:00 06-Aug-2019","20:00:00 06-Aug-2019",NA,NA,NA,0,0,1968,15.5,NA,NA,NA,NA,NA,NA,NA
"45","ZcTag092",180761,1,"Transmission","Mk10",13,"20:00:00 06-Aug-2019","00:00:00 07-Aug-2019",NA,NA,NA,20,0,640,7.5,NA,NA,NA,NA,NA,NA,NA
"46","ZcTag092",180761,1,"Transmission","Mk10",7,"00:00:00 07-Aug-2019","04:00:00 07-Aug-2019",NA,NA,NA,69,0.5,464,3.5,NA,NA,NA,NA,NA,NA,NA
"47","ZcTag092",180761,1,"Transmission","Mk10",9,"04:00:00 07-Aug-2019","08:00:00 07-Aug-2019",NA,NA,NA,71,0.5,376,3.5,NA,NA,NA,NA,NA,NA,NA
"48","ZcTag092",180761,1,"Transmission","Mk10",15,"08:00:00 07-Aug-2019","12:00:00 07-Aug-2019",NA,NA,NA,28,0,1840,15.5,NA,NA,NA,NA,NA,NA,NA
"49","ZcTag092",180761,1,"Transmission","Mk10",11,"12:00:00 07-Aug-2019","16:00:00 07-Aug-2019",NA,NA,NA,16,0,1680,15.5,NA,NA,NA,NA,NA,NA,NA
"50","ZcTag092",180761,1,"Transmission","Mk10",16,"16:00:00 07-Aug-2019","20:00:00 07-Aug-2019",NA,NA,NA,6,0,1168,15.5,NA,NA,NA,NA,NA,NA,NA
"51","ZcTag092",180761,1,"Transmission","Mk10",10,"20:00:00 07-Aug-2019","00:00:00 08-Aug-2019",NA,NA,NA,11,0,1168,15.5,NA,NA,NA,NA,NA,NA,NA
"52","ZcTag092",180761,1,"Transmission","Mk10",11,"00:00:00 08-Aug-2019","04:00:00 08-Aug-2019",NA,NA,NA,9,0,1200,15.5,NA,NA,NA,NA,NA,NA,NA
"53","ZcTag092",180761,1,"Transmission","Mk10",9,"04:00:00 08-Aug-2019","08:00:00 08-Aug-2019",NA,NA,NA,25,0,1136,15.5,NA,NA,NA,NA,NA,NA,NA
"54","ZcTag092",180761,1,"Transmission","Mk10",4,"08:00:00 08-Aug-2019","12:00:00 08-Aug-2019",NA,NA,NA,33,0,1328,15.5,NA,NA,NA,NA,NA,NA,NA
"55","ZcTag092",180761,1,"Transmission","Mk10",7,"12:00:00 08-Aug-2019","16:00:00 08-Aug-2019",NA,NA,NA,12,0,1200,15.5,NA,NA,NA,NA,NA,NA,NA
"56","ZcTag092",180761,1,"Transmission","Mk10",10,"16:00:00 08-Aug-2019","20:00:00 08-Aug-2019",NA,NA,NA,25,0,1136,15.5,NA,NA,NA,NA,NA,NA,NA
"57","ZcTag092",180761,1,"Transmission","Mk10",7,"20:00:00 08-Aug-2019","00:00:00 09-Aug-2019",NA,NA,NA,19,0,1136,15.5,NA,NA,NA,NA,NA,NA,NA
"58","ZcTag092",180761,1,"Transmission","Mk10",9,"00:00:00 09-Aug-2019","04:00:00 09-Aug-2019",NA,NA,NA,25,0,1136,15.5,NA,NA,NA,NA,NA,NA,NA
"59","ZcTag092",180761,1,"Transmission","Mk10",8,"04:00:00 09-Aug-2019","08:00:00 09-Aug-2019",NA,NA,NA,48,0,1040,15.5,NA,NA,NA,NA,NA,NA,NA
"60","ZcTag092",180761,1,"Transmission","Mk10",7,"08:00:00 09-Aug-2019","12:00:00 09-Aug-2019",NA,NA,NA,75,0.5,1200,15.5,NA,NA,NA,NA,NA,NA,NA
"61","ZcTag092",180761,1,"Transmission","Mk10",8,"12:00:00 09-Aug-2019","16:00:00 09-Aug-2019",NA,NA,NA,61,0.5,1104,15.5,NA,NA,NA,NA,NA,NA,NA
"62","ZcTag092",180761,1,"Transmission","Mk10",10,"16:00:00 09-Aug-2019","20:00:00 09-Aug-2019",NA,NA,NA,63,0.5,1040,15.5,NA,NA,NA,NA,NA,NA,NA
"63","ZcTag092",180761,1,"Transmission","Mk10",9,"20:00:00 09-Aug-2019","00:00:00 10-Aug-2019",NA,NA,NA,31,0,1456,15.5,NA,NA,NA,NA,NA,NA,NA
"64","ZcTag092",180761,1,"Transmission","Mk10",9,"00:00:00 10-Aug-2019","04:00:00 10-Aug-2019",NA,NA,NA,31,0,1360,15.5,NA,NA,NA,NA,NA,NA,NA
"65","ZcTag092",180761,1,"Transmission","Mk10",10,"04:00:00 10-Aug-2019","08:00:00 10-Aug-2019",NA,NA,NA,17,0,2352,31.5,NA,NA,NA,NA,NA,NA,NA
"66","ZcTag092",180761,1,"Transmission","Mk10",8,"08:00:00 10-Aug-2019","12:00:00 10-Aug-2019",NA,NA,NA,24,0,1584,15.5,NA,NA,NA,NA,NA,NA,NA
"67","ZcTag092",180761,1,"Transmission","Mk10",7,"12:00:00 10-Aug-2019","16:00:00 10-Aug-2019",NA,NA,NA,26,0,1584,15.5,NA,NA,NA,NA,NA,NA,NA
"68","ZcTag092",180761,1,"Transmission","Mk10",14,"16:00:00 10-Aug-2019","20:00:00 10-Aug-2019",NA,NA,NA,25,0,1424,15.5,NA,NA,NA,NA,NA,NA,NA
"69","ZcTag092",180761,1,"Transmission","Mk10",9,"20:00:00 10-Aug-2019","00:00:00 11-Aug-2019",NA,NA,NA,24,0,1136,15.5,NA,NA,NA,NA,NA,NA,NA
"70","ZcTag092",180761,1,"Transmission","Mk10",6,"00:00:00 11-Aug-2019","04:00:00 11-Aug-2019",NA,NA,NA,25,0,1584,15.5,NA,NA,NA,NA,NA,NA,NA
"71","ZcTag092",180761,1,"Transmission","Mk10",5,"04:00:00 11-Aug-2019","08:00:00 11-Aug-2019",NA,NA,NA,13,0,1648,15.5,NA,NA,NA,NA,NA,NA,NA
"72","ZcTag092",180761,1,"Transmission","Mk10",11,"08:00:00 11-Aug-2019","12:00:00 11-Aug-2019",NA,NA,NA,11,0,1232,15.5,NA,NA,NA,NA,NA,NA,NA
"73","ZcTag092",180761,1,"Transmission","Mk10",5,"12:00:00 11-Aug-2019","16:00:00 11-Aug-2019",NA,NA,NA,10,0,1584,15.5,NA,NA,NA,NA,NA,NA,NA
"74","ZcTag092",180761,1,"Transmission","Mk10",7,"16:00:00 11-Aug-2019","20:00:00 11-Aug-2019",NA,NA,NA,9,0,1520,15.5,NA,NA,NA,NA,NA,NA,NA
"75","ZcTag092",180761,1,"Transmission","Mk10",6,"20:00:00 11-Aug-2019","00:00:00 12-Aug-2019",NA,NA,NA,19,0,1584,15.5,NA,NA,NA,NA,NA,NA,NA
"76","ZcTag092",180761,1,"Transmission","Mk10",5,"00:00:00 12-Aug-2019","04:00:00 12-Aug-2019",NA,NA,NA,24,0,1584,15.5,NA,NA,NA,NA,NA,NA,NA
"77","ZcTag092",180761,1,"Transmission","Mk10",7,"04:00:00 12-Aug-2019","08:00:00 12-Aug-2019",NA,NA,NA,41,0,1488,15.5,NA,NA,NA,NA,NA,NA,NA
"78","ZcTag092",180761,1,"Transmission","Mk10",8,"08:00:00 12-Aug-2019","12:00:00 12-Aug-2019",NA,NA,NA,85,0.5,1648,15.5,NA,NA,NA,NA,NA,NA,NA
"79","ZcTag092",180761,1,"Transmission","Mk10",5,"12:00:00 12-Aug-2019","16:00:00 12-Aug-2019",NA,NA,NA,51,0.5,1552,15.5,NA,NA,NA,NA,NA,NA,NA
"80","ZcTag092",180761,1,"Transmission","Mk10",8,"16:00:00 12-Aug-2019","20:00:00 12-Aug-2019",NA,NA,NA,47,0,2480,31.5,NA,NA,NA,NA,NA,NA,NA
"81","ZcTag092",180761,1,"Transmission","Mk10",7,"20:00:00 12-Aug-2019","00:00:00 13-Aug-2019",NA,NA,NA,55,0.5,1328,15.5,NA,NA,NA,NA,NA,NA,NA
"82","ZcTag090",180762,1,"Transmission","Mk10",3,"12:00:00 29-Jul-2019","16:00:00 29-Jul-2019",NA,NA,NA,0,0,432,3.5,NA,NA,NA,NA,NA,NA,NA
"83","ZcTag090",180762,1,"Transmission","Mk10",5,"16:00:00 29-Jul-2019","20:00:00 29-Jul-2019",NA,NA,NA,0,0,1616,15.5,NA,NA,NA,NA,NA,NA,NA
"84","ZcTag090",180762,1,"Transmission","Mk10",8,"20:00:00 29-Jul-2019","00:00:00 30-Jul-2019",NA,NA,NA,0,0,1808,15.5,NA,NA,NA,NA,NA,NA,NA
"85","ZcTag090",180762,1,"Transmission","Mk10",5,"00:00:00 30-Jul-2019","04:00:00 30-Jul-2019",NA,NA,NA,0,0,1712,15.5,NA,NA,NA,NA,NA,NA,NA
"86","ZcTag090",180762,1,"Transmission","Mk10",1,"04:00:00 30-Jul-2019","08:00:00 30-Jul-2019",NA,NA,NA,0,0,1680,15.5,NA,NA,NA,NA,NA,NA,NA
"87","ZcTag090",180762,1,"Transmission","Mk10",3,"08:00:00 30-Jul-2019","12:00:00 30-Jul-2019",NA,NA,NA,0,0,1904,15.5,NA,NA,NA,NA,NA,NA,NA
"88","ZcTag090",180762,1,"Transmission","Mk10",3,"12:00:00 30-Jul-2019","16:00:00 30-Jul-2019",NA,NA,NA,0,0,1808,15.5,NA,NA,NA,NA,NA,NA,NA
"89","ZcTag090",180762,1,"Transmission","Mk10",5,"16:00:00 30-Jul-2019","20:00:00 30-Jul-2019",NA,NA,NA,0,0,2096,31.5,NA,NA,NA,NA,NA,NA,NA
"90","ZcTag090",180762,1,"Transmission","Mk10",4,"20:00:00 30-Jul-2019","00:00:00 31-Jul-2019",NA,NA,NA,0,0,832,7.5,NA,NA,NA,NA,NA,NA,NA
"91","ZcTag090",180762,1,"Transmission","Mk10",2,"00:00:00 31-Jul-2019","04:00:00 31-Jul-2019",NA,NA,NA,0,0,832,7.5,NA,NA,NA,NA,NA,NA,NA
"92","ZcTag090",180762,1,"Transmission","Mk10",6,"04:00:00 31-Jul-2019","08:00:00 31-Jul-2019",NA,NA,NA,0,0,76,0.5,NA,NA,NA,NA,NA,NA,NA
"93","ZcTag090",180762,1,"Transmission","Mk10",7,"08:00:00 31-Jul-2019","12:00:00 31-Jul-2019",NA,NA,NA,0,0,72,0.5,NA,NA,NA,NA,NA,NA,NA
"94","ZcTag090",180762,1,"Transmission","Mk10",5,"12:00:00 31-Jul-2019","16:00:00 31-Jul-2019",NA,NA,NA,0,0,1424,15.5,NA,NA,NA,NA,NA,NA,NA
"95","ZcTag090",180762,1,"Transmission","Mk10",1,"16:00:00 31-Jul-2019","20:00:00 31-Jul-2019",NA,NA,NA,0,0,544,7.5,NA,NA,NA,NA,NA,NA,NA
"96","ZcTag090",180762,1,"Transmission","Mk10",3,"20:00:00 31-Jul-2019","00:00:00 01-Aug-2019",NA,NA,NA,0,0,752,7.5,NA,NA,NA,NA,NA,NA,NA
"97","ZcTag090",180762,1,"Transmission","Mk10",3,"00:00:00 01-Aug-2019","04:00:00 01-Aug-2019",NA,NA,NA,0,0,656,7.5,NA,NA,NA,NA,NA,NA,NA
"98","ZcTag090",180762,1,"Transmission","Mk10",2,"08:00:00 01-Aug-2019","12:00:00 01-Aug-2019",NA,NA,NA,0,0,592,7.5,NA,NA,NA,NA,NA,NA,NA
"99","ZcTag090",180762,1,"Transmission","Mk10",1,"12:00:00 01-Aug-2019","16:00:00 01-Aug-2019",NA,NA,NA,0,0,656,7.5,NA,NA,NA,NA,NA,NA,NA
"100","ZcTag090",180762,1,"Transmission","Mk10",3,"16:00:00 01-Aug-2019","20:00:00 01-Aug-2019",NA,NA,NA,0,0,544,7.5,NA,NA,NA,NA,NA,NA,NA
"101","ZcTag090",180762,1,"Transmission","Mk10",1,"00:00:00 02-Aug-2019","04:00:00 02-Aug-2019",NA,NA,NA,0,0,992,7.5,NA,NA,NA,NA,NA,NA,NA
"102","ZcTag090",180762,1,"Transmission","Mk10",1,"04:00:00 02-Aug-2019","08:00:00 02-Aug-2019",NA,NA,NA,0,0,1072,15.5,NA,NA,NA,NA,NA,NA,NA
"103","ZcTag090",180762,1,"Transmission","Mk10",5,"08:00:00 02-Aug-2019","12:00:00 02-Aug-2019",NA,NA,NA,0,0,2096,31.5,NA,NA,NA,NA,NA,NA,NA
"104","ZcTag090",180762,1,"Transmission","Mk10",1,"12:00:00 02-Aug-2019","16:00:00 02-Aug-2019",NA,NA,NA,5,0,3184,31.5,NA,NA,NA,NA,NA,NA,NA
"105","ZcTag090",180762,1,"Transmission","Mk10",3,"16:00:00 02-Aug-2019","20:00:00 02-Aug-2019",NA,NA,NA,0,0,2864,31.5,NA,NA,NA,NA,NA,NA,NA
"106","ZcTag090",180762,1,"Transmission","Mk10",4,"00:00:00 03-Aug-2019","04:00:00 03-Aug-2019",NA,NA,NA,81,0.5,3184,31.5,NA,NA,NA,NA,NA,NA,NA
"107","ZcTag090",180762,1,"Transmission","Mk10",1,"04:00:00 03-Aug-2019","08:00:00 03-Aug-2019",NA,NA,NA,1423,15.5,3696,31.5,NA,NA,NA,NA,NA,NA,NA
"108","ZcTag090",180762,1,"Transmission","Mk10",1,"08:00:00 03-Aug-2019","12:00:00 03-Aug-2019",NA,NA,NA,13,0,3696,31.5,NA,NA,NA,NA,NA,NA,NA
"109","ZcTag090",180762,1,"Transmission","Mk10",1,"12:00:00 03-Aug-2019","16:00:00 03-Aug-2019",NA,NA,NA,497,5.5,3696,31.5,NA,NA,NA,NA,NA,NA,NA
"110","ZcTag090",180762,1,"Transmission","Mk10",2,"16:00:00 03-Aug-2019","20:00:00 03-Aug-2019",NA,NA,NA,3631,31.5,3696,31.5,NA,NA,NA,NA,NA,NA,NA
"111","ZcTag090",180762,1,"Transmission","Mk10",3,"20:00:00 03-Aug-2019","00:00:00 04-Aug-2019",NA,NA,NA,3631,31.5,3696,31.5,NA,NA,NA,NA,NA,NA,NA
"112","ZcTag090",180762,1,"Transmission","Mk10",1,"00:00:00 04-Aug-2019","04:00:00 04-Aug-2019",NA,NA,NA,3631,31.5,3696,31.5,NA,NA,NA,NA,NA,NA,NA
"113","ZcTag090",180762,1,"Transmission","Mk10",1,"04:00:00 04-Aug-2019","08:00:00 04-Aug-2019",NA,NA,NA,3631,31.5,3696,31.5,NA,NA,NA,NA,NA,NA,NA
"114","ZcTag090",180762,1,"Transmission","Mk10",1,"08:00:00 04-Aug-2019","12:00:00 04-Aug-2019",NA,NA,NA,3631,31.5,3696,31.5,NA,NA,NA,NA,NA,NA,NA
"115","ZcTag090",180762,1,"Transmission","Mk10",1,"12:00:00 04-Aug-2019","16:00:00 04-Aug-2019",NA,NA,NA,3631,31.5,3696,31.5,NA,NA,NA,NA,NA,NA,NA
"116","ZcTag090",180762,1,"Transmission","Mk10",1,"16:00:00 04-Aug-2019","20:00:00 04-Aug-2019",NA,NA,NA,3631,31.5,3696,31.5,NA,NA,NA,NA,NA,NA,NA
"117","ZcTag090",180762,1,"Transmission","Mk10",1,"20:00:00 04-Aug-2019","00:00:00 05-Aug-2019",NA,NA,NA,3631,31.5,3696,31.5,NA,NA,NA,NA,NA,NA,NA
"118","ZcTag090",180762,1,"Transmission","Mk10",1,"04:00:00 05-Aug-2019","08:00:00 05-Aug-2019",NA,NA,NA,3631,31.5,3696,31.5,NA,NA,NA,NA,NA,NA,NA
"119","ZcTag090",180762,1,"Transmission","Mk10",2,"12:00:00 05-Aug-2019","16:00:00 05-Aug-2019",NA,NA,NA,3631,31.5,3696,31.5,NA,NA,NA,NA,NA,NA,NA
"120","ZcTag090",180762,1,"Transmission","Mk10",2,"16:00:00 05-Aug-2019","20:00:00 05-Aug-2019",NA,NA,NA,3631,31.5,3696,31.5,NA,NA,NA,NA,NA,NA,NA
"121","ZcTag090",180762,1,"Transmission","Mk10",1,"20:00:00 05-Aug-2019","00:00:00 06-Aug-2019",NA,NA,NA,3631,31.5,3696,31.5,NA,NA,NA,NA,NA,NA,NA
"122","ZcTag090",180762,1,"Transmission","Mk10",1,"04:00:00 06-Aug-2019","08:00:00 06-Aug-2019",NA,NA,NA,15,0,498,5.5,NA,NA,NA,NA,NA,NA,NA
"123","ZcTag090",180762,1,"Transmission","Mk10",2,"08:00:00 06-Aug-2019","12:00:00 06-Aug-2019",NA,NA,NA,29,0,424,3.5,NA,NA,NA,NA,NA,NA,NA
"124","ZcTag090",180762,1,"Transmission","Mk10",2,"12:00:00 06-Aug-2019","16:00:00 06-Aug-2019",NA,NA,NA,40,0,864,7.5,NA,NA,NA,NA,NA,NA,NA
"125","ZcTag090",180762,1,"Transmission","Mk10",2,"16:00:00 06-Aug-2019","20:00:00 06-Aug-2019",NA,NA,NA,30,0,816,7.5,NA,NA,NA,NA,NA,NA,NA
"126","ZcTag090",180762,1,"Transmission","Mk10",1,"20:00:00 06-Aug-2019","00:00:00 07-Aug-2019",NA,NA,NA,23,0,320,3.5,NA,NA,NA,NA,NA,NA,NA
"127","ZcTag090",180762,1,"Transmission","Mk10",1,"00:00:00 07-Aug-2019","04:00:00 07-Aug-2019",NA,NA,NA,15,0,312,3.5,NA,NA,NA,NA,NA,NA,NA
"128","ZcTag090",180762,1,"Transmission","Mk10",1,"04:00:00 08-Aug-2019","08:00:00 08-Aug-2019",NA,NA,NA,9,0,624,7.5,NA,NA,NA,NA,NA,NA,NA
"129","ZcTag090",180762,1,"Transmission","Mk10",1,"16:00:00 08-Aug-2019","20:00:00 08-Aug-2019",NA,NA,NA,3,0,336,3.5,NA,NA,NA,NA,NA,NA,NA
"130","ZcTag090",180762,1,"Transmission","Mk10",1,"08:00:00 09-Aug-2019","12:00:00 09-Aug-2019",NA,NA,NA,4,0,592,7.5,NA,NA,NA,NA,NA,NA,NA
"131","ZcTag090",180762,1,"Transmission","Mk10",1,"16:00:00 09-Aug-2019","20:00:00 09-Aug-2019",NA,NA,NA,37,0,376,3.5,NA,NA,NA,NA,NA,NA,NA
"132","ZcTag090",180762,1,"Transmission","Mk10",1,"20:00:00 09-Aug-2019","00:00:00 10-Aug-2019",NA,NA,NA,38,0,848,7.5,NA,NA,NA,NA,NA,NA,NA
"133","ZcTag090",180762,1,"Transmission","Mk10",1,"08:00:00 10-Aug-2019","12:00:00 10-Aug-2019",NA,NA,NA,20,0,1584,15.5,NA,NA,NA,NA,NA,NA,NA
"134","ZcTag090",180762,1,"Transmission","Mk10",1,"16:00:00 10-Aug-2019","20:00:00 10-Aug-2019",NA,NA,NA,81,0.5,2096,31.5,NA,NA,NA,NA,NA,NA,NA
"135","ZcTag090",180762,1,"Transmission","Mk10",1,"20:00:00 11-Aug-2019","00:00:00 12-Aug-2019",NA,NA,NA,5,0,3696,31.5,NA,NA,NA,NA,NA,NA,NA
"136","ZcTag093",180763,1,"Transmission","Mk10",11,"12:00:00 30-Jul-2019","16:00:00 30-Jul-2019",NA,NA,NA,0,0,1168,15.5,NA,NA,NA,NA,NA,NA,NA
"137","ZcTag093",180763,1,"Transmission","Mk10",3,"16:00:00 30-Jul-2019","20:00:00 30-Jul-2019",NA,NA,NA,0,0,1296,15.5,NA,NA,NA,NA,NA,NA,NA
"138","ZcTag093",180763,1,"Transmission","Mk10",9,"20:00:00 30-Jul-2019","00:00:00 31-Jul-2019",NA,NA,NA,0,0,1168,15.5,NA,NA,NA,NA,NA,NA,NA
"139","ZcTag093",180763,1,"Transmission","Mk10",12,"00:00:00 31-Jul-2019","04:00:00 31-Jul-2019",NA,NA,NA,0,0,1328,15.5,NA,NA,NA,NA,NA,NA,NA
"140","ZcTag093",180763,1,"Transmission","Mk10",5,"04:00:00 31-Jul-2019","08:00:00 31-Jul-2019",NA,NA,NA,0,0,1168,15.5,NA,NA,NA,NA,NA,NA,NA
"141","ZcTag093",180763,1,"Transmission","Mk10",6,"08:00:00 31-Jul-2019","12:00:00 31-Jul-2019",NA,NA,NA,0,0,1072,15.5,NA,NA,NA,NA,NA,NA,NA
"142","ZcTag093",180763,1,"Transmission","Mk10",9,"12:00:00 31-Jul-2019","16:00:00 31-Jul-2019",NA,NA,NA,0,0,1136,15.5,NA,NA,NA,NA,NA,NA,NA
"143","ZcTag093",180763,1,"Transmission","Mk10",5,"16:00:00 31-Jul-2019","20:00:00 31-Jul-2019",NA,NA,NA,0,0,1264,15.5,NA,NA,NA,NA,NA,NA,NA
"144","ZcTag093",180763,1,"Transmission","Mk10",3,"20:00:00 31-Jul-2019","00:00:00 01-Aug-2019",NA,NA,NA,0,0,1232,15.5,NA,NA,NA,NA,NA,NA,NA
"145","ZcTag093",180763,1,"Transmission","Mk10",4,"00:00:00 01-Aug-2019","04:00:00 01-Aug-2019",NA,NA,NA,0,0,1264,15.5,NA,NA,NA,NA,NA,NA,NA
"146","ZcTag093",180763,1,"Transmission","Mk10",4,"04:00:00 01-Aug-2019","08:00:00 01-Aug-2019",NA,NA,NA,0,0,1200,15.5,NA,NA,NA,NA,NA,NA,NA
"147","ZcTag093",180763,1,"Transmission","Mk10",3,"08:00:00 01-Aug-2019","12:00:00 01-Aug-2019",NA,NA,NA,0,0,1456,15.5,NA,NA,NA,NA,NA,NA,NA
"148","ZcTag093",180763,1,"Transmission","Mk10",5,"12:00:00 01-Aug-2019","16:00:00 01-Aug-2019",NA,NA,NA,0,0,1296,15.5,NA,NA,NA,NA,NA,NA,NA
"149","ZcTag093",180763,1,"Transmission","Mk10",3,"16:00:00 01-Aug-2019","20:00:00 01-Aug-2019",NA,NA,NA,0,0,1264,15.5,NA,NA,NA,NA,NA,NA,NA
"150","ZcTag093",180763,1,"Transmission","Mk10",1,"20:00:00 01-Aug-2019","00:00:00 02-Aug-2019",NA,NA,NA,0,0,1936,15.5,NA,NA,NA,NA,NA,NA,NA
"151","ZcTag093",180763,1,"Transmission","Mk10",1,"00:00:00 02-Aug-2019","04:00:00 02-Aug-2019",NA,NA,NA,0,0,1296,15.5,NA,NA,NA,NA,NA,NA,NA
"152","ZcTag093",180763,1,"Transmission","Mk10",3,"04:00:00 02-Aug-2019","08:00:00 02-Aug-2019",NA,NA,NA,0,0,1168,15.5,NA,NA,NA,NA,NA,NA,NA
"153","ZcTag093",180763,1,"Transmission","Mk10",2,"08:00:00 02-Aug-2019","12:00:00 02-Aug-2019",NA,NA,NA,0,0,1168,15.5,NA,NA,NA,NA,NA,NA,NA
"154","ZcTag093",180763,1,"Transmission","Mk10",6,"12:00:00 02-Aug-2019","16:00:00 02-Aug-2019",NA,NA,NA,0,0,1168,15.5,NA,NA,NA,NA,NA,NA,NA
"155","ZcTag093",180763,1,"Transmission","Mk10",5,"16:00:00 02-Aug-2019","20:00:00 02-Aug-2019",NA,NA,NA,0,0,1264,15.5,NA,NA,NA,NA,NA,NA,NA
"156","ZcTag093",180763,1,"Transmission","Mk10",4,"20:00:00 02-Aug-2019","00:00:00 03-Aug-2019",NA,NA,NA,0,0,1168,15.5,NA,NA,NA,NA,NA,NA,NA
"157","ZcTag093",180763,1,"Transmission","Mk10",4,"00:00:00 03-Aug-2019","04:00:00 03-Aug-2019",NA,NA,NA,0,0,1296,15.5,NA,NA,NA,NA,NA,NA,NA
"158","ZcTag093",180763,1,"Transmission","Mk10",3,"04:00:00 03-Aug-2019","08:00:00 03-Aug-2019",NA,NA,NA,0,0,1264,15.5,NA,NA,NA,NA,NA,NA,NA
"159","ZcTag093",180763,1,"Transmission","Mk10",4,"08:00:00 03-Aug-2019","12:00:00 03-Aug-2019",NA,NA,NA,0,0,1328,15.5,NA,NA,NA,NA,NA,NA,NA
"160","ZcTag093",180763,1,"Transmission","Mk10",6,"12:00:00 03-Aug-2019","16:00:00 03-Aug-2019",NA,NA,NA,0,0,1328,15.5,NA,NA,NA,NA,NA,NA,NA
"161","ZcTag093",180763,1,"Transmission","Mk10",2,"16:00:00 03-Aug-2019","20:00:00 03-Aug-2019",NA,NA,NA,0,0,1360,15.5,NA,NA,NA,NA,NA,NA,NA
"162","ZcTag093",180763,1,"Transmission","Mk10",4,"20:00:00 03-Aug-2019","00:00:00 04-Aug-2019",NA,NA,NA,0,0,1264,15.5,NA,NA,NA,NA,NA,NA,NA
"163","ZcTag093",180763,1,"Transmission","Mk10",1,"00:00:00 04-Aug-2019","04:00:00 04-Aug-2019",NA,NA,NA,0,0,1232,15.5,NA,NA,NA,NA,NA,NA,NA
"164","ZcTag093",180763,1,"Transmission","Mk10",2,"04:00:00 04-Aug-2019","08:00:00 04-Aug-2019",NA,NA,NA,0,0,1328,15.5,NA,NA,NA,NA,NA,NA,NA
"165","ZcTag093",180763,1,"Transmission","Mk10",3,"08:00:00 04-Aug-2019","12:00:00 04-Aug-2019",NA,NA,NA,0,0,1168,15.5,NA,NA,NA,NA,NA,NA,NA
"166","ZcTag093",180763,1,"Transmission","Mk10",4,"12:00:00 04-Aug-2019","16:00:00 04-Aug-2019",NA,NA,NA,0,0,1296,15.5,NA,NA,NA,NA,NA,NA,NA
"167","ZcTag093",180763,1,"Transmission","Mk10",4,"16:00:00 04-Aug-2019","20:00:00 04-Aug-2019",NA,NA,NA,0,0,1264,15.5,NA,NA,NA,NA,NA,NA,NA
"168","ZcTag093",180763,1,"Transmission","Mk10",3,"20:00:00 04-Aug-2019","00:00:00 05-Aug-2019",NA,NA,NA,0,0,1232,15.5,NA,NA,NA,NA,NA,NA,NA
"169","ZcTag093",180763,1,"Transmission","Mk10",2,"00:00:00 05-Aug-2019","04:00:00 05-Aug-2019",NA,NA,NA,0,0,1456,15.5,NA,NA,NA,NA,NA,NA,NA
"170","ZcTag093",180763,1,"Transmission","Mk10",6,"04:00:00 05-Aug-2019","08:00:00 05-Aug-2019",NA,NA,NA,0,0,1232,15.5,NA,NA,NA,NA,NA,NA,NA
"171","ZcTag093",180763,1,"Transmission","Mk10",3,"08:00:00 05-Aug-2019","12:00:00 05-Aug-2019",NA,NA,NA,0,0,1232,15.5,NA,NA,NA,NA,NA,NA,NA
"172","ZcTag093",180763,1,"Transmission","Mk10",3,"12:00:00 05-Aug-2019","16:00:00 05-Aug-2019",NA,NA,NA,0,0,1264,15.5,NA,NA,NA,NA,NA,NA,NA
"173","ZcTag093",180763,1,"Transmission","Mk10",5,"16:00:00 05-Aug-2019","20:00:00 05-Aug-2019",NA,NA,NA,0,0,1328,15.5,NA,NA,NA,NA,NA,NA,NA
"174","ZcTag093",180763,1,"Transmission","Mk10",2,"20:00:00 05-Aug-2019","00:00:00 06-Aug-2019",NA,NA,NA,0,0,1360,15.5,NA,NA,NA,NA,NA,NA,NA
"175","ZcTag093",180763,1,"Transmission","Mk10",3,"00:00:00 06-Aug-2019","04:00:00 06-Aug-2019",NA,NA,NA,0,0,1328,15.5,NA,NA,NA,NA,NA,NA,NA
"176","ZcTag093",180763,1,"Transmission","Mk10",1,"08:00:00 06-Aug-2019","12:00:00 06-Aug-2019",NA,NA,NA,0,0,1296,15.5,NA,NA,NA,NA,NA,NA,NA
"177","ZcTag093",180763,1,"Transmission","Mk10",2,"16:00:00 06-Aug-2019","20:00:00 06-Aug-2019",NA,NA,NA,0,0,1392,15.5,NA,NA,NA,NA,NA,NA,NA
"178","ZcTag093",180763,1,"Transmission","Mk10",1,"20:00:00 06-Aug-2019","00:00:00 07-Aug-2019",NA,NA,NA,0,0,688,7.5,NA,NA,NA,NA,NA,NA,NA
"179","ZcTag093",180763,1,"Transmission","Mk10",3,"20:00:00 07-Aug-2019","00:00:00 08-Aug-2019",NA,NA,NA,0,0,1232,15.5,NA,NA,NA,NA,NA,NA,NA
"180","ZcTag093",180763,1,"Transmission","Mk10",1,"00:00:00 08-Aug-2019","04:00:00 08-Aug-2019",NA,NA,NA,0,0,1264,15.5,NA,NA,NA,NA,NA,NA,NA
"181","ZcTag093",180763,1,"Transmission","Mk10",2,"08:00:00 08-Aug-2019","12:00:00 08-Aug-2019",NA,NA,NA,0,0,1808,15.5,NA,NA,NA,NA,NA,NA,NA
"182","ZcTag093",180763,1,"Transmission","Mk10",4,"12:00:00 08-Aug-2019","16:00:00 08-Aug-2019",NA,NA,NA,0,0,1456,15.5,NA,NA,NA,NA,NA,NA,NA
"183","ZcTag093",180763,1,"Transmission","Mk10",2,"16:00:00 08-Aug-2019","20:00:00 08-Aug-2019",NA,NA,NA,0,0,1360,15.5,NA,NA,NA,NA,NA,NA,NA
"184","ZcTag093",180763,1,"Transmission","Mk10",2,"00:00:00 09-Aug-2019","04:00:00 09-Aug-2019",NA,NA,NA,0,0,1328,15.5,NA,NA,NA,NA,NA,NA,NA
"185","ZcTag093",180763,1,"Transmission","Mk10",1,"08:00:00 09-Aug-2019","12:00:00 09-Aug-2019",NA,NA,NA,0,0,1360,15.5,NA,NA,NA,NA,NA,NA,NA
"186","ZcTag093",180763,1,"Transmission","Mk10",2,"12:00:00 09-Aug-2019","16:00:00 09-Aug-2019",NA,NA,NA,0,0,1264,15.5,NA,NA,NA,NA,NA,NA,NA
"187","ZcTag093",180763,1,"Transmission","Mk10",1,"16:00:00 09-Aug-2019","20:00:00 09-Aug-2019",NA,NA,NA,0,0,1296,15.5,NA,NA,NA,NA,NA,NA,NA
"188","ZcTag093",180763,1,"Transmission","Mk10",2,"20:00:00 09-Aug-2019","00:00:00 10-Aug-2019",NA,NA,NA,0,0,1360,15.5,NA,NA,NA,NA,NA,NA,NA
"189","ZcTag093",180763,1,"Transmission","Mk10",3,"00:00:00 10-Aug-2019","04:00:00 10-Aug-2019",NA,NA,NA,0,0,1264,15.5,NA,NA,NA,NA,NA,NA,NA
"190","ZcTag093",180763,1,"Transmission","Mk10",2,"04:00:00 10-Aug-2019","08:00:00 10-Aug-2019",NA,NA,NA,0,0,1360,15.5,NA,NA,NA,NA,NA,NA,NA
"191","ZcTag093",180763,1,"Transmission","Mk10",2,"08:00:00 10-Aug-2019","12:00:00 10-Aug-2019",NA,NA,NA,0,0,1456,15.5,NA,NA,NA,NA,NA,NA,NA
"192","ZcTag093",180763,1,"Transmission","Mk10",1,"12:00:00 10-Aug-2019","16:00:00 10-Aug-2019",NA,NA,NA,0,0,1424,15.5,NA,NA,NA,NA,NA,NA,NA
"193","ZcTag093",180763,1,"Transmission","Mk10",1,"16:00:00 10-Aug-2019","20:00:00 10-Aug-2019",NA,NA,NA,0,0,1136,15.5,NA,NA,NA,NA,NA,NA,NA
"194","ZcTag093",180763,1,"Transmission","Mk10",2,"20:00:00 10-Aug-2019","00:00:00 11-Aug-2019",NA,NA,NA,0,0,1264,15.5,NA,NA,NA,NA,NA,NA,NA
"195","ZcTag093",180763,1,"Transmission","Mk10",3,"00:00:00 11-Aug-2019","04:00:00 11-Aug-2019",NA,NA,NA,0,0,1264,15.5,NA,NA,NA,NA,NA,NA,NA
"196","ZcTag093",180763,1,"Transmission","Mk10",2,"04:00:00 11-Aug-2019","08:00:00 11-Aug-2019",NA,NA,NA,0,0,1296,15.5,NA,NA,NA,NA,NA,NA,NA
"197","ZcTag093",180763,1,"Transmission","Mk10",2,"08:00:00 11-Aug-2019","12:00:00 11-Aug-2019",NA,NA,NA,0,0,1200,15.5,NA,NA,NA,NA,NA,NA,NA
"198","ZcTag093",180763,1,"Transmission","Mk10",3,"16:00:00 11-Aug-2019","20:00:00 11-Aug-2019",NA,NA,NA,0,0,1136,15.5,NA,NA,NA,NA,NA,NA,NA
"199","ZcTag093",180763,1,"Transmission","Mk10",1,"20:00:00 11-Aug-2019","00:00:00 12-Aug-2019",NA,NA,NA,0,0,944,7.5,NA,NA,NA,NA,NA,NA,NA
"200","ZcTag093",180763,1,"Transmission","Mk10",2,"00:00:00 12-Aug-2019","04:00:00 12-Aug-2019",NA,NA,NA,0,0,1392,15.5,NA,NA,NA,NA,NA,NA,NA
"201","ZcTag093",180763,1,"Transmission","Mk10",2,"08:00:00 12-Aug-2019","12:00:00 12-Aug-2019",NA,NA,NA,0,0,1360,15.5,NA,NA,NA,NA,NA,NA,NA
"202","ZcTag093",180763,1,"Transmission","Mk10",1,"12:00:00 12-Aug-2019","16:00:00 12-Aug-2019",NA,NA,NA,0,0,1328,15.5,NA,NA,NA,NA,NA,NA,NA
"203","ZcTag093",180763,1,"Transmission","Mk10",2,"16:00:00 12-Aug-2019","20:00:00 12-Aug-2019",NA,NA,NA,0,0,1200,15.5,NA,NA,NA,NA,NA,NA,NA
"204","ZcTag093",180763,1,"Transmission","Mk10",1,"20:00:00 12-Aug-2019","00:00:00 13-Aug-2019",NA,NA,NA,0,0,1072,15.5,NA,NA,NA,NA,NA,NA,NA
"205","ZcTag095",180766,1,"Transmission","Mk10",23,"16:00:00 12-Aug-2019","20:00:00 12-Aug-2019",NA,NA,NA,0,0,1360,15.5,NA,NA,NA,NA,NA,NA,NA
"206","ZcTag095",180766,1,"Transmission","Mk10",13,"20:00:00 12-Aug-2019","00:00:00 13-Aug-2019",NA,NA,NA,0,0,1456,15.5,NA,NA,NA,NA,NA,NA,NA
"207","ZcTag095",180766,1,"Transmission","Mk10",3,"00:00:00 13-Aug-2019","04:00:00 13-Aug-2019",NA,NA,NA,0,0,1296,15.5,NA,NA,NA,NA,NA,NA,NA
"208","ZcTag095",180766,1,"Transmission","Mk10",2,"04:00:00 13-Aug-2019","08:00:00 13-Aug-2019",NA,NA,NA,0,0,1012,11.5,NA,NA,NA,NA,NA,NA,NA
"209","ZcTag095",180766,1,"Transmission","Mk10",11,"08:00:00 13-Aug-2019","12:00:00 13-Aug-2019",NA,NA,NA,0,0,1012,11.5,NA,NA,NA,NA,NA,NA,NA
"210","ZcTag095",180766,1,"Transmission","Mk10",10,"12:00:00 13-Aug-2019","16:00:00 13-Aug-2019",NA,NA,NA,0,0,1680,15.5,NA,NA,NA,NA,NA,NA,NA
"211","ZcTag095",180766,1,"Transmission","Mk10",11,"16:00:00 13-Aug-2019","20:00:00 13-Aug-2019",NA,NA,NA,0,0,1328,15.5,NA,NA,NA,NA,NA,NA,NA
"212","ZcTag095",180766,1,"Transmission","Mk10",3,"20:00:00 13-Aug-2019","00:00:00 14-Aug-2019",NA,NA,NA,0,0,1456,15.5,NA,NA,NA,NA,NA,NA,NA
"213","ZcTag095",180766,1,"Transmission","Mk10",7,"00:00:00 14-Aug-2019","04:00:00 14-Aug-2019",NA,NA,NA,0,0,1552,15.5,NA,NA,NA,NA,NA,NA,NA
"214","ZcTag095",180766,1,"Transmission","Mk10",5,"04:00:00 14-Aug-2019","08:00:00 14-Aug-2019",NA,NA,NA,0,0,1552,15.5,NA,NA,NA,NA,NA,NA,NA
"215","ZcTag095",180766,1,"Transmission","Mk10",1,"08:00:00 14-Aug-2019","12:00:00 14-Aug-2019",NA,NA,NA,0,0,1456,15.5,NA,NA,NA,NA,NA,NA,NA
"216","ZcTag095",180766,1,"Transmission","Mk10",7,"12:00:00 14-Aug-2019","16:00:00 14-Aug-2019",NA,NA,NA,0,0,1488,15.5,NA,NA,NA,NA,NA,NA,NA
"217","ZcTag095",180766,1,"Transmission","Mk10",2,"16:00:00 14-Aug-2019","20:00:00 14-Aug-2019",NA,NA,NA,0,0,1264,15.5,NA,NA,NA,NA,NA,NA,NA
"218","ZcTag095",180766,1,"Transmission","Mk10",4,"20:00:00 14-Aug-2019","00:00:00 15-Aug-2019",NA,NA,NA,0,0,1488,15.5,NA,NA,NA,NA,NA,NA,NA
"219","ZcTag095",180766,1,"Transmission","Mk10",3,"00:00:00 15-Aug-2019","04:00:00 15-Aug-2019",NA,NA,NA,0,0,1424,15.5,NA,NA,NA,NA,NA,NA,NA
"220","ZcTag095",180766,1,"Transmission","Mk10",6,"04:00:00 15-Aug-2019","08:00:00 15-Aug-2019",NA,NA,NA,0,0,1424,15.5,NA,NA,NA,NA,NA,NA,NA
"221","ZcTag095",180766,1,"Transmission","Mk10",3,"08:00:00 15-Aug-2019","12:00:00 15-Aug-2019",NA,NA,NA,0,0,1232,15.5,NA,NA,NA,NA,NA,NA,NA
"222","ZcTag095",180766,1,"Transmission","Mk10",4,"12:00:00 15-Aug-2019","16:00:00 15-Aug-2019",NA,NA,NA,0,0,1392,15.5,NA,NA,NA,NA,NA,NA,NA
"223","ZcTag095",180766,1,"Transmission","Mk10",2,"16:00:00 15-Aug-2019","20:00:00 15-Aug-2019",NA,NA,NA,0,0,1360,15.5,NA,NA,NA,NA,NA,NA,NA
"224","ZcTag095",180766,1,"Transmission","Mk10",2,"20:00:00 15-Aug-2019","00:00:00 16-Aug-2019",NA,NA,NA,0,0,1296,15.5,NA,NA,NA,NA,NA,NA,NA
"225","ZcTag095",180766,1,"Transmission","Mk10",4,"00:00:00 16-Aug-2019","04:00:00 16-Aug-2019",NA,NA,NA,0,0,1296,15.5,NA,NA,NA,NA,NA,NA,NA
"226","ZcTag095",180766,1,"Transmission","Mk10",4,"04:00:00 16-Aug-2019","08:00:00 16-Aug-2019",NA,NA,NA,0,0,1456,15.5,NA,NA,NA,NA,NA,NA,NA
"227","ZcTag095",180766,1,"Transmission","Mk10",2,"08:00:00 16-Aug-2019","12:00:00 16-Aug-2019",NA,NA,NA,0,0,1424,15.5,NA,NA,NA,NA,NA,NA,NA
"228","ZcTag095",180766,1,"Transmission","Mk10",3,"12:00:00 16-Aug-2019","16:00:00 16-Aug-2019",NA,NA,NA,0,0,1392,15.5,NA,NA,NA,NA,NA,NA,NA
"229","ZcTag095",180766,1,"Transmission","Mk10",3,"16:00:00 16-Aug-2019","20:00:00 16-Aug-2019",NA,NA,NA,0,0,1488,15.5,NA,NA,NA,NA,NA,NA,NA
"230","ZcTag095",180766,1,"Transmission","Mk10",5,"20:00:00 16-Aug-2019","00:00:00 17-Aug-2019",NA,NA,NA,0,0,1616,15.5,NA,NA,NA,NA,NA,NA,NA
"231","ZcTag095",180766,1,"Transmission","Mk10",3,"00:00:00 17-Aug-2019","04:00:00 17-Aug-2019",NA,NA,NA,0,0,1648,15.5,NA,NA,NA,NA,NA,NA,NA
"232","ZcTag095",180766,1,"Transmission","Mk10",1,"04:00:00 17-Aug-2019","08:00:00 17-Aug-2019",NA,NA,NA,0,0,1296,15.5,NA,NA,NA,NA,NA,NA,NA
"233","ZcTag095",180766,1,"Transmission","Mk10",1,"08:00:00 17-Aug-2019","12:00:00 17-Aug-2019",NA,NA,NA,0,0,1424,15.5,NA,NA,NA,NA,NA,NA,NA
"234","ZcTag095",180766,1,"Transmission","Mk10",6,"12:00:00 17-Aug-2019","16:00:00 17-Aug-2019",NA,NA,NA,0,0,1584,15.5,NA,NA,NA,NA,NA,NA,NA
"235","ZcTag095",180766,1,"Transmission","Mk10",5,"16:00:00 17-Aug-2019","20:00:00 17-Aug-2019",NA,NA,NA,0,0,1328,15.5,NA,NA,NA,NA,NA,NA,NA
"236","ZcTag095",180766,1,"Transmission","Mk10",1,"20:00:00 17-Aug-2019","00:00:00 18-Aug-2019",NA,NA,NA,0,0,1296,15.5,NA,NA,NA,NA,NA,NA,NA
"237","ZcTag095",180766,1,"Transmission","Mk10",3,"00:00:00 18-Aug-2019","04:00:00 18-Aug-2019",NA,NA,NA,0,0,1616,15.5,NA,NA,NA,NA,NA,NA,NA
"238","ZcTag095",180766,1,"Transmission","Mk10",3,"04:00:00 18-Aug-2019","08:00:00 18-Aug-2019",NA,NA,NA,0,0,1392,15.5,NA,NA,NA,NA,NA,NA,NA
"239","ZcTag095",180766,1,"Transmission","Mk10",4,"08:00:00 18-Aug-2019","12:00:00 18-Aug-2019",NA,NA,NA,0,0,1328,15.5,NA,NA,NA,NA,NA,NA,NA
"240","ZcTag095",180766,1,"Transmission","Mk10",2,"12:00:00 18-Aug-2019","16:00:00 18-Aug-2019",NA,NA,NA,0,0,1456,15.5,NA,NA,NA,NA,NA,NA,NA
"241","ZcTag095",180766,1,"Transmission","Mk10",2,"16:00:00 18-Aug-2019","20:00:00 18-Aug-2019",NA,NA,NA,0,0,1328,15.5,NA,NA,NA,NA,NA,NA,NA
"242","ZcTag095",180766,1,"Transmission","Mk10",1,"20:00:00 18-Aug-2019","00:00:00 19-Aug-2019",NA,NA,NA,0,0,1520,15.5,NA,NA,NA,NA,NA,NA,NA
"243","ZcTag095",180766,1,"Transmission","Mk10",5,"00:00:00 19-Aug-2019","04:00:00 19-Aug-2019",NA,NA,NA,0,0,1264,15.5,NA,NA,NA,NA,NA,NA,NA
"244","ZcTag095",180766,1,"Transmission","Mk10",2,"04:00:00 19-Aug-2019","08:00:00 19-Aug-2019",NA,NA,NA,0,0,1456,15.5,NA,NA,NA,NA,NA,NA,NA
"245","ZcTag095",180766,1,"Transmission","Mk10",1,"08:00:00 19-Aug-2019","12:00:00 19-Aug-2019",NA,NA,NA,0,0,1040,15.5,NA,NA,NA,NA,NA,NA,NA
"246","ZcTag095",180766,1,"Transmission","Mk10",1,"12:00:00 19-Aug-2019","16:00:00 19-Aug-2019",NA,NA,NA,0,0,1424,15.5,NA,NA,NA,NA,NA,NA,NA
"247","ZcTag095",180766,1,"Transmission","Mk10",5,"16:00:00 19-Aug-2019","20:00:00 19-Aug-2019",NA,NA,NA,0,0,1200,15.5,NA,NA,NA,NA,NA,NA,NA
"248","ZcTag095",180766,1,"Transmission","Mk10",4,"20:00:00 19-Aug-2019","00:00:00 20-Aug-2019",NA,NA,NA,0,0,1136,15.5,NA,NA,NA,NA,NA,NA,NA
"249","ZcTag095",180766,1,"Transmission","Mk10",3,"00:00:00 20-Aug-2019","04:00:00 20-Aug-2019",NA,NA,NA,0,0,1232,15.5,NA,NA,NA,NA,NA,NA,NA
"250","ZcTag095",180766,1,"Transmission","Mk10",2,"04:00:00 20-Aug-2019","08:00:00 20-Aug-2019",NA,NA,NA,0,0,1488,15.5,NA,NA,NA,NA,NA,NA,NA
"251","ZcTag095",180766,1,"Transmission","Mk10",4,"08:00:00 20-Aug-2019","12:00:00 20-Aug-2019",NA,NA,NA,0,0,1072,15.5,NA,NA,NA,NA,NA,NA,NA
"252","ZcTag095",180766,1,"Transmission","Mk10",1,"12:00:00 20-Aug-2019","16:00:00 20-Aug-2019",NA,NA,NA,0,0,1360,15.5,NA,NA,NA,NA,NA,NA,NA
"253","ZcTag095",180766,1,"Transmission","Mk10",3,"16:00:00 20-Aug-2019","20:00:00 20-Aug-2019",NA,NA,NA,0,0,1104,15.5,NA,NA,NA,NA,NA,NA,NA
"254","ZcTag095",180766,1,"Transmission","Mk10",4,"00:00:00 21-Aug-2019","04:00:00 21-Aug-2019",NA,NA,NA,0,0,1264,15.5,NA,NA,NA,NA,NA,NA,NA
"255","ZcTag095",180766,1,"Transmission","Mk10",4,"04:00:00 21-Aug-2019","08:00:00 21-Aug-2019",NA,NA,NA,0,0,1424,15.5,NA,NA,NA,NA,NA,NA,NA
"256","ZcTag095",180766,1,"Transmission","Mk10",3,"08:00:00 21-Aug-2019","12:00:00 21-Aug-2019",NA,NA,NA,0,0,1520,15.5,NA,NA,NA,NA,NA,NA,NA
"257","ZcTag095",180766,1,"Transmission","Mk10",3,"12:00:00 21-Aug-2019","16:00:00 21-Aug-2019",NA,NA,NA,0,0,1168,15.5,NA,NA,NA,NA,NA,NA,NA
"258","ZcTag095",180766,1,"Transmission","Mk10",4,"16:00:00 21-Aug-2019","20:00:00 21-Aug-2019",NA,NA,NA,0,0,1520,15.5,NA,NA,NA,NA,NA,NA,NA
"259","ZcTag095",180766,1,"Transmission","Mk10",1,"20:00:00 21-Aug-2019","00:00:00 22-Aug-2019",NA,NA,NA,0,0,1648,15.5,NA,NA,NA,NA,NA,NA,NA
"260","ZcTag095",180766,1,"Transmission","Mk10",2,"00:00:00 22-Aug-2019","04:00:00 22-Aug-2019",NA,NA,NA,0,0,1648,15.5,NA,NA,NA,NA,NA,NA,NA
"261","ZcTag095",180766,1,"Transmission","Mk10",1,"04:00:00 22-Aug-2019","08:00:00 22-Aug-2019",NA,NA,NA,0,0,1488,15.5,NA,NA,NA,NA,NA,NA,NA
"262","ZcTag095",180766,1,"Transmission","Mk10",2,"08:00:00 22-Aug-2019","12:00:00 22-Aug-2019",NA,NA,NA,0,0,2040,23.5,NA,NA,NA,NA,NA,NA,NA
"263","ZcTag095",180766,1,"Transmission","Mk10",3,"12:00:00 22-Aug-2019","16:00:00 22-Aug-2019",NA,NA,NA,0,0,1744,15.5,NA,NA,NA,NA,NA,NA,NA
"264","ZcTag095",180766,1,"Transmission","Mk10",1,"16:00:00 22-Aug-2019","20:00:00 22-Aug-2019",NA,NA,NA,0,0,1808,15.5,NA,NA,NA,NA,NA,NA,NA
"265","ZcTag095",180766,1,"Transmission","Mk10",2,"20:00:00 22-Aug-2019","00:00:00 23-Aug-2019",NA,NA,NA,0,0,1296,15.5,NA,NA,NA,NA,NA,NA,NA
"266","ZcTag095",180766,1,"Transmission","Mk10",1,"04:00:00 23-Aug-2019","08:00:00 23-Aug-2019",NA,NA,NA,0,0,1680,15.5,NA,NA,NA,NA,NA,NA,NA
"267","ZcTag095",180766,1,"Transmission","Mk10",1,"08:00:00 23-Aug-2019","12:00:00 23-Aug-2019",NA,NA,NA,0,0,1456,15.5,NA,NA,NA,NA,NA,NA,NA
"268","ZcTag095",180766,1,"Transmission","Mk10",2,"12:00:00 23-Aug-2019","16:00:00 23-Aug-2019",NA,NA,NA,0,0,1328,15.5,NA,NA,NA,NA,NA,NA,NA
"269","ZcTag095",180766,1,"Transmission","Mk10",1,"16:00:00 23-Aug-2019","20:00:00 23-Aug-2019",NA,NA,NA,0,0,1136,15.5,NA,NA,NA,NA,NA,NA,NA
"270","ZcTag095",180766,1,"Transmission","Mk10",3,"20:00:00 23-Aug-2019","00:00:00 24-Aug-2019",NA,NA,NA,0,0,1200,15.5,NA,NA,NA,NA,NA,NA,NA
"271","ZcTag095",180766,1,"Transmission","Mk10",1,"00:00:00 24-Aug-2019","04:00:00 24-Aug-2019",NA,NA,NA,0,0,1392,15.5,NA,NA,NA,NA,NA,NA,NA
"272","ZcTag095",180766,1,"Transmission","Mk10",4,"04:00:00 24-Aug-2019","08:00:00 24-Aug-2019",NA,NA,NA,0,0,1456,15.5,NA,NA,NA,NA,NA,NA,NA
"273","ZcTag095",180766,1,"Transmission","Mk10",1,"08:00:00 24-Aug-2019","12:00:00 24-Aug-2019",NA,NA,NA,0,0,1584,15.5,NA,NA,NA,NA,NA,NA,NA
"274","ZcTag095",180766,1,"Transmission","Mk10",4,"12:00:00 24-Aug-2019","16:00:00 24-Aug-2019",NA,NA,NA,0,0,1424,15.5,NA,NA,NA,NA,NA,NA,NA
"275","ZcTag095",180766,1,"Transmission","Mk10",3,"16:00:00 24-Aug-2019","20:00:00 24-Aug-2019",NA,NA,NA,0,0,1744,15.5,NA,NA,NA,NA,NA,NA,NA
"276","ZcTag095",180766,1,"Transmission","Mk10",2,"00:00:00 25-Aug-2019","04:00:00 25-Aug-2019",NA,NA,NA,0,0,2000,15.5,NA,NA,NA,NA,NA,NA,NA
"277","ZcTag095",180766,1,"Transmission","Mk10",5,"04:00:00 25-Aug-2019","08:00:00 25-Aug-2019",NA,NA,NA,0,0,2096,31.5,NA,NA,NA,NA,NA,NA,NA
"278","ZcTag095",180766,1,"Transmission","Mk10",1,"08:00:00 25-Aug-2019","12:00:00 25-Aug-2019",NA,NA,NA,0,0,1840,15.5,NA,NA,NA,NA,NA,NA,NA
"279","ZcTag095",180766,1,"Transmission","Mk10",1,"12:00:00 25-Aug-2019","16:00:00 25-Aug-2019",NA,NA,NA,0,0,1968,15.5,NA,NA,NA,NA,NA,NA,NA
"280","ZcTag095",180766,1,"Transmission","Mk10",2,"16:00:00 25-Aug-2019","20:00:00 25-Aug-2019",NA,NA,NA,0,0,1360,15.5,NA,NA,NA,NA,NA,NA,NA
"281","ZcTag095",180766,1,"Transmission","Mk10",3,"20:00:00 25-Aug-2019","00:00:00 26-Aug-2019",NA,NA,NA,0,0,1584,15.5,NA,NA,NA,NA,NA,NA,NA
"282","ZcTag094",180772,1,"Transmission","Mk10",22,"16:00:00 30-Jul-2019","20:00:00 30-Jul-2019",NA,NA,NA,0,0,1168,15.5,NA,NA,NA,NA,NA,NA,NA
"283","ZcTag094",180772,1,"Transmission","Mk10",19,"20:00:00 30-Jul-2019","00:00:00 31-Jul-2019",NA,NA,NA,0,0,1104,15.5,NA,NA,NA,NA,NA,NA,NA
"284","ZcTag094",180772,1,"Transmission","Mk10",12,"00:00:00 31-Jul-2019","04:00:00 31-Jul-2019",NA,NA,NA,0,0,70,0.5,NA,NA,NA,NA,NA,NA,NA
"285","ZcTag094",180772,1,"Transmission","Mk10",10,"04:00:00 31-Jul-2019","08:00:00 31-Jul-2019",NA,NA,NA,0,0,108,0.5,NA,NA,NA,NA,NA,NA,NA
"286","ZcTag094",180772,1,"Transmission","Mk10",8,"08:00:00 31-Jul-2019","12:00:00 31-Jul-2019",NA,NA,NA,0,0,1360,15.5,NA,NA,NA,NA,NA,NA,NA
"287","ZcTag094",180772,1,"Transmission","Mk10",6,"12:00:00 31-Jul-2019","16:00:00 31-Jul-2019",NA,NA,NA,0,0,1392,15.5,NA,NA,NA,NA,NA,NA,NA
"288","ZcTag094",180772,1,"Transmission","Mk10",7,"16:00:00 31-Jul-2019","20:00:00 31-Jul-2019",NA,NA,NA,0,0,2000,15.5,NA,NA,NA,NA,NA,NA,NA
"289","ZcTag094",180772,1,"Transmission","Mk10",11,"20:00:00 31-Jul-2019","00:00:00 01-Aug-2019",NA,NA,NA,0,0,3,0,NA,NA,NA,NA,NA,NA,NA
"290","ZcTag094",180772,1,"Transmission","Mk10",4,"00:00:00 01-Aug-2019","04:00:00 01-Aug-2019",NA,NA,NA,0,0,108,0.5,NA,NA,NA,NA,NA,NA,NA
"291","ZcTag094",180772,1,"Transmission","Mk10",3,"04:00:00 01-Aug-2019","08:00:00 01-Aug-2019",NA,NA,NA,0,0,116,1.5,NA,NA,NA,NA,NA,NA,NA
"292","ZcTag094",180772,1,"Transmission","Mk10",3,"08:00:00 01-Aug-2019","12:00:00 01-Aug-2019",NA,NA,NA,0,0,11,0,NA,NA,NA,NA,NA,NA,NA
"293","ZcTag094",180772,1,"Transmission","Mk10",3,"12:00:00 01-Aug-2019","16:00:00 01-Aug-2019",NA,NA,NA,0,0,248,3.5,NA,NA,NA,NA,NA,NA,NA
"294","ZcTag094",180772,1,"Transmission","Mk10",2,"16:00:00 01-Aug-2019","20:00:00 01-Aug-2019",NA,NA,NA,0,0,1,0,NA,NA,NA,NA,NA,NA,NA
"295","ZcTag094",180772,1,"Transmission","Mk10",1,"20:00:00 01-Aug-2019","00:00:00 02-Aug-2019",NA,NA,NA,0,0,2,0,NA,NA,NA,NA,NA,NA,NA
"296","ZcTag097",180773,1,"Transmission","Mk10",30,"16:00:00 12-Aug-2019","20:00:00 12-Aug-2019",NA,NA,NA,0,0,1424,15.5,NA,NA,NA,NA,NA,NA,NA
"297","ZcTag097",180773,1,"Transmission","Mk10",24,"20:00:00 12-Aug-2019","00:00:00 13-Aug-2019",NA,NA,NA,0,0,1488,15.5,NA,NA,NA,NA,NA,NA,NA
"298","ZcTag097",180773,1,"Transmission","Mk10",23,"00:00:00 13-Aug-2019","04:00:00 13-Aug-2019",NA,NA,NA,0,0,1232,15.5,NA,NA,NA,NA,NA,NA,NA
"299","ZcTag097",180773,1,"Transmission","Mk10",26,"04:00:00 13-Aug-2019","08:00:00 13-Aug-2019",NA,NA,NA,0,0,1040,15.5,NA,NA,NA,NA,NA,NA,NA
"300","ZcTag097",180773,1,"Transmission","Mk10",21,"08:00:00 13-Aug-2019","12:00:00 13-Aug-2019",NA,NA,NA,0,0,1104,15.5,NA,NA,NA,NA,NA,NA,NA
"301","ZcTag097",180773,1,"Transmission","Mk10",23,"12:00:00 13-Aug-2019","16:00:00 13-Aug-2019",NA,NA,NA,0,0,1424,15.5,NA,NA,NA,NA,NA,NA,NA
"302","ZcTag097",180773,1,"Transmission","Mk10",18,"16:00:00 13-Aug-2019","20:00:00 13-Aug-2019",NA,NA,NA,0,0,1424,15.5,NA,NA,NA,NA,NA,NA,NA
"303","ZcTag097",180773,1,"Transmission","Mk10",20,"20:00:00 13-Aug-2019","00:00:00 14-Aug-2019",NA,NA,NA,0,0,1488,15.5,NA,NA,NA,NA,NA,NA,NA
"304","ZcTag097",180773,1,"Transmission","Mk10",20,"00:00:00 14-Aug-2019","04:00:00 14-Aug-2019",NA,NA,NA,0,0,1584,15.5,NA,NA,NA,NA,NA,NA,NA
"305","ZcTag097",180773,1,"Transmission","Mk10",25,"04:00:00 14-Aug-2019","08:00:00 14-Aug-2019",NA,NA,NA,0,0,1520,15.5,NA,NA,NA,NA,NA,NA,NA
"306","ZcTag097",180773,1,"Transmission","Mk10",14,"08:00:00 14-Aug-2019","12:00:00 14-Aug-2019",NA,NA,NA,0,0,1296,15.5,NA,NA,NA,NA,NA,NA,NA
"307","ZcTag097",180773,1,"Transmission","Mk10",12,"12:00:00 14-Aug-2019","16:00:00 14-Aug-2019",NA,NA,NA,0,0,1488,15.5,NA,NA,NA,NA,NA,NA,NA
"308","ZcTag097",180773,1,"Transmission","Mk10",16,"16:00:00 14-Aug-2019","20:00:00 14-Aug-2019",NA,NA,NA,0,0,1264,15.5,NA,NA,NA,NA,NA,NA,NA
"309","ZcTag097",180773,1,"Transmission","Mk10",11,"20:00:00 14-Aug-2019","00:00:00 15-Aug-2019",NA,NA,NA,0,0,1456,15.5,NA,NA,NA,NA,NA,NA,NA
"310","ZcTag097",180773,1,"Transmission","Mk10",17,"00:00:00 15-Aug-2019","04:00:00 15-Aug-2019",NA,NA,NA,0,0,1456,15.5,NA,NA,NA,NA,NA,NA,NA
"311","ZcTag097",180773,1,"Transmission","Mk10",12,"04:00:00 15-Aug-2019","08:00:00 15-Aug-2019",NA,NA,NA,0,0,1424,15.5,NA,NA,NA,NA,NA,NA,NA
"312","ZcTag097",180773,1,"Transmission","Mk10",13,"08:00:00 15-Aug-2019","12:00:00 15-Aug-2019",NA,NA,NA,0,0,1200,15.5,NA,NA,NA,NA,NA,NA,NA
"313","ZcTag097",180773,1,"Transmission","Mk10",19,"12:00:00 15-Aug-2019","16:00:00 15-Aug-2019",NA,NA,NA,0,0,1424,15.5,NA,NA,NA,NA,NA,NA,NA
"314","ZcTag097",180773,1,"Transmission","Mk10",19,"16:00:00 15-Aug-2019","20:00:00 15-Aug-2019",NA,NA,NA,0,0,1392,15.5,NA,NA,NA,NA,NA,NA,NA
"315","ZcTag097",180773,1,"Transmission","Mk10",16,"20:00:00 15-Aug-2019","00:00:00 16-Aug-2019",NA,NA,NA,0,0,1488,15.5,NA,NA,NA,NA,NA,NA,NA
"316","ZcTag097",180773,1,"Transmission","Mk10",23,"00:00:00 16-Aug-2019","04:00:00 16-Aug-2019",NA,NA,NA,0,0,1296,15.5,NA,NA,NA,NA,NA,NA,NA
"317","ZcTag097",180773,1,"Transmission","Mk10",20,"04:00:00 16-Aug-2019","08:00:00 16-Aug-2019",NA,NA,NA,0,0,1424,15.5,NA,NA,NA,NA,NA,NA,NA
"318","ZcTag097",180773,1,"Transmission","Mk10",21,"08:00:00 16-Aug-2019","12:00:00 16-Aug-2019",NA,NA,NA,0,0,1424,15.5,NA,NA,NA,NA,NA,NA,NA
"319","ZcTag097",180773,1,"Transmission","Mk10",15,"12:00:00 16-Aug-2019","16:00:00 16-Aug-2019",NA,NA,NA,0,0,1424,15.5,NA,NA,NA,NA,NA,NA,NA
"320","ZcTag097",180773,1,"Transmission","Mk10",16,"16:00:00 16-Aug-2019","20:00:00 16-Aug-2019",NA,NA,NA,0,0,1456,15.5,NA,NA,NA,NA,NA,NA,NA
"321","ZcTag097",180773,1,"Transmission","Mk10",17,"20:00:00 16-Aug-2019","00:00:00 17-Aug-2019",NA,NA,NA,0,0,1456,15.5,NA,NA,NA,NA,NA,NA,NA
"322","ZcTag097",180773,1,"Transmission","Mk10",10,"00:00:00 17-Aug-2019","04:00:00 17-Aug-2019",NA,NA,NA,0,0,1648,15.5,NA,NA,NA,NA,NA,NA,NA
"323","ZcTag097",180773,1,"Transmission","Mk10",17,"04:00:00 17-Aug-2019","08:00:00 17-Aug-2019",NA,NA,NA,0,0,1264,15.5,NA,NA,NA,NA,NA,NA,NA
"324","ZcTag097",180773,1,"Transmission","Mk10",9,"08:00:00 17-Aug-2019","12:00:00 17-Aug-2019",NA,NA,NA,0,0,1424,15.5,NA,NA,NA,NA,NA,NA,NA
"325","ZcTag097",180773,1,"Transmission","Mk10",13,"12:00:00 17-Aug-2019","16:00:00 17-Aug-2019",NA,NA,NA,0,0,1456,15.5,NA,NA,NA,NA,NA,NA,NA
"326","ZcTag097",180773,1,"Transmission","Mk10",11,"16:00:00 17-Aug-2019","20:00:00 17-Aug-2019",NA,NA,NA,0,0,1328,15.5,NA,NA,NA,NA,NA,NA,NA
"327","ZcTag097",180773,1,"Transmission","Mk10",8,"20:00:00 17-Aug-2019","00:00:00 18-Aug-2019",NA,NA,NA,0,0,1264,15.5,NA,NA,NA,NA,NA,NA,NA
"328","ZcTag097",180773,1,"Transmission","Mk10",12,"00:00:00 18-Aug-2019","04:00:00 18-Aug-2019",NA,NA,NA,0,0,1520,15.5,NA,NA,NA,NA,NA,NA,NA
"329","ZcTag097",180773,1,"Transmission","Mk10",18,"04:00:00 18-Aug-2019","08:00:00 18-Aug-2019",NA,NA,NA,0,0,1424,15.5,NA,NA,NA,NA,NA,NA,NA
"330","ZcTag097",180773,1,"Transmission","Mk10",18,"08:00:00 18-Aug-2019","12:00:00 18-Aug-2019",NA,NA,NA,0,0,1264,15.5,NA,NA,NA,NA,NA,NA,NA
"331","ZcTag097",180773,1,"Transmission","Mk10",18,"12:00:00 18-Aug-2019","16:00:00 18-Aug-2019",NA,NA,NA,0,0,1264,15.5,NA,NA,NA,NA,NA,NA,NA
"332","ZcTag097",180773,1,"Transmission","Mk10",10,"16:00:00 18-Aug-2019","20:00:00 18-Aug-2019",NA,NA,NA,0,0,1328,15.5,NA,NA,NA,NA,NA,NA,NA
"333","ZcTag097",180773,1,"Transmission","Mk10",9,"20:00:00 18-Aug-2019","00:00:00 19-Aug-2019",NA,NA,NA,0,0,1424,15.5,NA,NA,NA,NA,NA,NA,NA
"334","ZcTag097",180773,1,"Transmission","Mk10",6,"00:00:00 19-Aug-2019","04:00:00 19-Aug-2019",NA,NA,NA,0,0,1136,15.5,NA,NA,NA,NA,NA,NA,NA
"335","ZcTag097",180773,1,"Transmission","Mk10",12,"04:00:00 19-Aug-2019","08:00:00 19-Aug-2019",NA,NA,NA,0,0,1264,15.5,NA,NA,NA,NA,NA,NA,NA
"336","ZcTag097",180773,1,"Transmission","Mk10",15,"08:00:00 19-Aug-2019","12:00:00 19-Aug-2019",NA,NA,NA,0,0,1040,15.5,NA,NA,NA,NA,NA,NA,NA
"337","ZcTag097",180773,1,"Transmission","Mk10",8,"12:00:00 19-Aug-2019","16:00:00 19-Aug-2019",NA,NA,NA,0,0,1488,15.5,NA,NA,NA,NA,NA,NA,NA
"338","ZcTag097",180773,1,"Transmission","Mk10",12,"16:00:00 19-Aug-2019","20:00:00 19-Aug-2019",NA,NA,NA,0,0,1200,15.5,NA,NA,NA,NA,NA,NA,NA
"339","ZcTag097",180773,1,"Transmission","Mk10",12,"20:00:00 19-Aug-2019","00:00:00 20-Aug-2019",NA,NA,NA,0,0,1136,15.5,NA,NA,NA,NA,NA,NA,NA
"340","ZcTag097",180773,1,"Transmission","Mk10",8,"00:00:00 20-Aug-2019","04:00:00 20-Aug-2019",NA,NA,NA,0,0,1520,15.5,NA,NA,NA,NA,NA,NA,NA
"341","ZcTag097",180773,1,"Transmission","Mk10",11,"04:00:00 20-Aug-2019","08:00:00 20-Aug-2019",NA,NA,NA,0,0,1488,15.5,NA,NA,NA,NA,NA,NA,NA
"342","ZcTag097",180773,1,"Transmission","Mk10",8,"08:00:00 20-Aug-2019","12:00:00 20-Aug-2019",NA,NA,NA,0,0,1168,15.5,NA,NA,NA,NA,NA,NA,NA
"343","ZcTag097",180773,1,"Transmission","Mk10",6,"12:00:00 20-Aug-2019","16:00:00 20-Aug-2019",NA,NA,NA,0,0,976,7.5,NA,NA,NA,NA,NA,NA,NA
"344","ZcTag097",180773,1,"Transmission","Mk10",7,"16:00:00 20-Aug-2019","20:00:00 20-Aug-2019",NA,NA,NA,0,0,1392,15.5,NA,NA,NA,NA,NA,NA,NA
"345","ZcTag097",180773,1,"Transmission","Mk10",8,"20:00:00 20-Aug-2019","00:00:00 21-Aug-2019",NA,NA,NA,0,0,1200,15.5,NA,NA,NA,NA,NA,NA,NA
"346","ZcTag097",180773,1,"Transmission","Mk10",8,"00:00:00 21-Aug-2019","04:00:00 21-Aug-2019",NA,NA,NA,0,0,1264,15.5,NA,NA,NA,NA,NA,NA,NA
"347","ZcTag097",180773,1,"Transmission","Mk10",8,"04:00:00 21-Aug-2019","08:00:00 21-Aug-2019",NA,NA,NA,0,0,1424,15.5,NA,NA,NA,NA,NA,NA,NA
"348","ZcTag097",180773,1,"Transmission","Mk10",5,"08:00:00 21-Aug-2019","12:00:00 21-Aug-2019",NA,NA,NA,0,0,624,7.5,NA,NA,NA,NA,NA,NA,NA
"349","ZcTag097",180773,1,"Transmission","Mk10",8,"12:00:00 21-Aug-2019","16:00:00 21-Aug-2019",NA,NA,NA,0,0,1360,15.5,NA,NA,NA,NA,NA,NA,NA
"350","ZcTag097",180773,1,"Transmission","Mk10",9,"16:00:00 21-Aug-2019","20:00:00 21-Aug-2019",NA,NA,NA,0,0,1424,15.5,NA,NA,NA,NA,NA,NA,NA
"351","ZcTag097",180773,1,"Transmission","Mk10",10,"20:00:00 21-Aug-2019","00:00:00 22-Aug-2019",NA,NA,NA,0,0,1232,15.5,NA,NA,NA,NA,NA,NA,NA
"352","ZcTag097",180773,1,"Transmission","Mk10",10,"00:00:00 22-Aug-2019","04:00:00 22-Aug-2019",NA,NA,NA,0,0,1456,15.5,NA,NA,NA,NA,NA,NA,NA
"353","ZcTag097",180773,1,"Transmission","Mk10",6,"04:00:00 22-Aug-2019","08:00:00 22-Aug-2019",NA,NA,NA,0,0,1264,15.5,NA,NA,NA,NA,NA,NA,NA
"354","ZcTag097",180773,1,"Transmission","Mk10",10,"08:00:00 22-Aug-2019","12:00:00 22-Aug-2019",NA,NA,NA,0,0,1552,15.5,NA,NA,NA,NA,NA,NA,NA
"355","ZcTag097",180773,1,"Transmission","Mk10",6,"12:00:00 22-Aug-2019","16:00:00 22-Aug-2019",NA,NA,NA,0,0,1680,15.5,NA,NA,NA,NA,NA,NA,NA
"356","ZcTag097",180773,1,"Transmission","Mk10",10,"16:00:00 22-Aug-2019","20:00:00 22-Aug-2019",NA,NA,NA,0,0,1456,15.5,NA,NA,NA,NA,NA,NA,NA
"357","ZcTag097",180773,1,"Transmission","Mk10",6,"20:00:00 22-Aug-2019","00:00:00 23-Aug-2019",NA,NA,NA,0,0,1200,15.5,NA,NA,NA,NA,NA,NA,NA
"358","ZcTag097",180773,1,"Transmission","Mk10",8,"00:00:00 23-Aug-2019","04:00:00 23-Aug-2019",NA,NA,NA,0,0,1264,15.5,NA,NA,NA,NA,NA,NA,NA
"359","ZcTag097",180773,1,"Transmission","Mk10",6,"04:00:00 23-Aug-2019","08:00:00 23-Aug-2019",NA,NA,NA,0,0,1104,15.5,NA,NA,NA,NA,NA,NA,NA
"360","ZcTag097",180773,1,"Transmission","Mk10",7,"08:00:00 23-Aug-2019","12:00:00 23-Aug-2019",NA,NA,NA,0,0,1296,15.5,NA,NA,NA,NA,NA,NA,NA
"361","ZcTag097",180773,1,"Transmission","Mk10",4,"12:00:00 23-Aug-2019","16:00:00 23-Aug-2019",NA,NA,NA,0,0,1328,15.5,NA,NA,NA,NA,NA,NA,NA
"362","ZcTag097",180773,1,"Transmission","Mk10",3,"16:00:00 23-Aug-2019","20:00:00 23-Aug-2019",NA,NA,NA,0,0,1200,15.5,NA,NA,NA,NA,NA,NA,NA
"363","ZcTag097",180773,1,"Transmission","Mk10",1,"20:00:00 23-Aug-2019","00:00:00 24-Aug-2019",NA,NA,NA,0,0,1168,15.5,NA,NA,NA,NA,NA,NA,NA
"364","ZcTag097",180773,1,"Transmission","Mk10",4,"00:00:00 24-Aug-2019","04:00:00 24-Aug-2019",NA,NA,NA,0,0,1488,15.5,NA,NA,NA,NA,NA,NA,NA
"365","ZcTag097",180773,1,"Transmission","Mk10",6,"04:00:00 24-Aug-2019","08:00:00 24-Aug-2019",NA,NA,NA,0,0,1488,15.5,NA,NA,NA,NA,NA,NA,NA
"366","ZcTag097",180773,1,"Transmission","Mk10",4,"08:00:00 24-Aug-2019","12:00:00 24-Aug-2019",NA,NA,NA,0,0,1264,15.5,NA,NA,NA,NA,NA,NA,NA
"367","ZcTag097",180773,1,"Transmission","Mk10",8,"12:00:00 24-Aug-2019","16:00:00 24-Aug-2019",NA,NA,NA,0,0,1776,15.5,NA,NA,NA,NA,NA,NA,NA
"368","ZcTag097",180773,1,"Transmission","Mk10",7,"16:00:00 24-Aug-2019","20:00:00 24-Aug-2019",NA,NA,NA,0,0,1392,15.5,NA,NA,NA,NA,NA,NA,NA
"369","ZcTag097",180773,1,"Transmission","Mk10",6,"20:00:00 24-Aug-2019","00:00:00 25-Aug-2019",NA,NA,NA,0,0,1520,15.5,NA,NA,NA,NA,NA,NA,NA
"370","ZcTag097",180773,1,"Transmission","Mk10",9,"00:00:00 25-Aug-2019","04:00:00 25-Aug-2019",NA,NA,NA,0,0,1392,15.5,NA,NA,NA,NA,NA,NA,NA
"371","ZcTag097",180773,1,"Transmission","Mk10",8,"04:00:00 25-Aug-2019","08:00:00 25-Aug-2019",NA,NA,NA,0,0,1328,15.5,NA,NA,NA,NA,NA,NA,NA
"372","ZcTag097",180773,1,"Transmission","Mk10",9,"08:00:00 25-Aug-2019","12:00:00 25-Aug-2019",NA,NA,NA,0,0,1328,15.5,NA,NA,NA,NA,NA,NA,NA
"373","ZcTag097",180773,1,"Transmission","Mk10",9,"12:00:00 25-Aug-2019","16:00:00 25-Aug-2019",NA,NA,NA,0,0,1424,15.5,NA,NA,NA,NA,NA,NA,NA
"374","ZcTag097",180773,1,"Transmission","Mk10",4,"16:00:00 25-Aug-2019","20:00:00 25-Aug-2019",NA,NA,NA,0,0,1360,15.5,NA,NA,NA,NA,NA,NA,NA
"375","ZcTag097",180773,1,"Transmission","Mk10",3,"20:00:00 25-Aug-2019","00:00:00 26-Aug-2019",NA,NA,NA,0,0,1424,15.5,NA,NA,NA,NA,NA,NA,NA
"376","ZcTag096",180774,1,"Transmission","Mk10",32,"16:00:00 12-Aug-2019","20:00:00 12-Aug-2019",NA,NA,NA,0,0,1328,15.5,NA,NA,NA,NA,NA,NA,NA
"377","ZcTag096",180774,1,"Transmission","Mk10",31,"20:00:00 12-Aug-2019","00:00:00 13-Aug-2019",NA,NA,NA,0,0,1392,15.5,NA,NA,NA,NA,NA,NA,NA
"378","ZcTag096",180774,1,"Transmission","Mk10",20,"00:00:00 13-Aug-2019","04:00:00 13-Aug-2019",NA,NA,NA,0,0,1296,15.5,NA,NA,NA,NA,NA,NA,NA
"379","ZcTag096",180774,1,"Transmission","Mk10",20,"04:00:00 13-Aug-2019","08:00:00 13-Aug-2019",NA,NA,NA,0,0,960,7.5,NA,NA,NA,NA,NA,NA,NA
"380","ZcTag096",180774,1,"Transmission","Mk10",19,"08:00:00 13-Aug-2019","12:00:00 13-Aug-2019",NA,NA,NA,0,0,1072,15.5,NA,NA,NA,NA,NA,NA,NA
"381","ZcTag096",180774,1,"Transmission","Mk10",25,"12:00:00 13-Aug-2019","16:00:00 13-Aug-2019",NA,NA,NA,0,0,1680,15.5,NA,NA,NA,NA,NA,NA,NA
"382","ZcTag096",180774,1,"Transmission","Mk10",19,"16:00:00 13-Aug-2019","20:00:00 13-Aug-2019",NA,NA,NA,0,0,1456,15.5,NA,NA,NA,NA,NA,NA,NA
"383","ZcTag096",180774,1,"Transmission","Mk10",19,"20:00:00 13-Aug-2019","00:00:00 14-Aug-2019",NA,NA,NA,0,0,1488,15.5,NA,NA,NA,NA,NA,NA,NA
"384","ZcTag096",180774,1,"Transmission","Mk10",14,"00:00:00 14-Aug-2019","04:00:00 14-Aug-2019",NA,NA,NA,0,0,1424,15.5,NA,NA,NA,NA,NA,NA,NA
"385","ZcTag096",180774,1,"Transmission","Mk10",28,"04:00:00 14-Aug-2019","08:00:00 14-Aug-2019",NA,NA,NA,0,0,1584,15.5,NA,NA,NA,NA,NA,NA,NA
"386","ZcTag096",180774,1,"Transmission","Mk10",19,"08:00:00 14-Aug-2019","12:00:00 14-Aug-2019",NA,NA,NA,0,0,1296,15.5,NA,NA,NA,NA,NA,NA,NA
"387","ZcTag096",180774,1,"Transmission","Mk10",21,"12:00:00 14-Aug-2019","16:00:00 14-Aug-2019",NA,NA,NA,0,0,1488,15.5,NA,NA,NA,NA,NA,NA,NA
"388","ZcTag096",180774,1,"Transmission","Mk10",20,"16:00:00 14-Aug-2019","20:00:00 14-Aug-2019",NA,NA,NA,0,0,1264,15.5,NA,NA,NA,NA,NA,NA,NA
"389","ZcTag096",180774,1,"Transmission","Mk10",25,"20:00:00 14-Aug-2019","00:00:00 15-Aug-2019",NA,NA,NA,0,0,1232,15.5,NA,NA,NA,NA,NA,NA,NA
"390","ZcTag096",180774,1,"Transmission","Mk10",27,"00:00:00 15-Aug-2019","04:00:00 15-Aug-2019",NA,NA,NA,0,0,1424,15.5,NA,NA,NA,NA,NA,NA,NA
"391","ZcTag096",180774,1,"Transmission","Mk10",22,"04:00:00 15-Aug-2019","08:00:00 15-Aug-2019",NA,NA,NA,0,0,1520,15.5,NA,NA,NA,NA,NA,NA,NA
"392","ZcTag096",180774,1,"Transmission","Mk10",21,"08:00:00 15-Aug-2019","12:00:00 15-Aug-2019",NA,NA,NA,0,0,1200,15.5,NA,NA,NA,NA,NA,NA,NA
"393","ZcTag096",180774,1,"Transmission","Mk10",19,"12:00:00 15-Aug-2019","16:00:00 15-Aug-2019",NA,NA,NA,0,0,1488,15.5,NA,NA,NA,NA,NA,NA,NA
"394","ZcTag096",180774,1,"Transmission","Mk10",16,"16:00:00 15-Aug-2019","20:00:00 15-Aug-2019",NA,NA,NA,0,0,1360,15.5,NA,NA,NA,NA,NA,NA,NA
"395","ZcTag096",180774,1,"Transmission","Mk10",13,"20:00:00 15-Aug-2019","00:00:00 16-Aug-2019",NA,NA,NA,0,0,1264,15.5,NA,NA,NA,NA,NA,NA,NA
"396","ZcTag096",180774,1,"Transmission","Mk10",12,"00:00:00 16-Aug-2019","04:00:00 16-Aug-2019",NA,NA,NA,0,0,1328,15.5,NA,NA,NA,NA,NA,NA,NA
"397","ZcTag096",180774,1,"Transmission","Mk10",15,"04:00:00 16-Aug-2019","08:00:00 16-Aug-2019",NA,NA,NA,0,0,1456,15.5,NA,NA,NA,NA,NA,NA,NA
"398","ZcTag096",180774,1,"Transmission","Mk10",16,"08:00:00 16-Aug-2019","12:00:00 16-Aug-2019",NA,NA,NA,0,0,1296,15.5,NA,NA,NA,NA,NA,NA,NA
"399","ZcTag096",180774,1,"Transmission","Mk10",16,"12:00:00 16-Aug-2019","16:00:00 16-Aug-2019",NA,NA,NA,0,0,1296,15.5,NA,NA,NA,NA,NA,NA,NA
"400","ZcTag096",180774,1,"Transmission","Mk10",14,"16:00:00 16-Aug-2019","20:00:00 16-Aug-2019",NA,NA,NA,0,0,1488,15.5,NA,NA,NA,NA,NA,NA,NA
"401","ZcTag096",180774,1,"Transmission","Mk10",19,"20:00:00 16-Aug-2019","00:00:00 17-Aug-2019",NA,NA,NA,0,0,1680,15.5,NA,NA,NA,NA,NA,NA,NA
"402","ZcTag096",180774,1,"Transmission","Mk10",12,"00:00:00 17-Aug-2019","04:00:00 17-Aug-2019",NA,NA,NA,0,0,1648,15.5,NA,NA,NA,NA,NA,NA,NA
"403","ZcTag096",180774,1,"Transmission","Mk10",12,"04:00:00 17-Aug-2019","08:00:00 17-Aug-2019",NA,NA,NA,0,0,1264,15.5,NA,NA,NA,NA,NA,NA,NA
"404","ZcTag096",180774,1,"Transmission","Mk10",13,"08:00:00 17-Aug-2019","12:00:00 17-Aug-2019",NA,NA,NA,0,0,1392,15.5,NA,NA,NA,NA,NA,NA,NA
"405","ZcTag096",180774,1,"Transmission","Mk10",11,"12:00:00 17-Aug-2019","16:00:00 17-Aug-2019",NA,NA,NA,0,0,1360,15.5,NA,NA,NA,NA,NA,NA,NA
"406","ZcTag096",180774,1,"Transmission","Mk10",21,"16:00:00 17-Aug-2019","20:00:00 17-Aug-2019",NA,NA,NA,0,0,1296,15.5,NA,NA,NA,NA,NA,NA,NA
"407","ZcTag096",180774,1,"Transmission","Mk10",22,"20:00:00 17-Aug-2019","00:00:00 18-Aug-2019",NA,NA,NA,0,0,1392,15.5,NA,NA,NA,NA,NA,NA,NA
"408","ZcTag096",180774,1,"Transmission","Mk10",15,"00:00:00 18-Aug-2019","04:00:00 18-Aug-2019",NA,NA,NA,0,0,1488,15.5,NA,NA,NA,NA,NA,NA,NA
"409","ZcTag096",180774,1,"Transmission","Mk10",22,"04:00:00 18-Aug-2019","08:00:00 18-Aug-2019",NA,NA,NA,0,0,1456,15.5,NA,NA,NA,NA,NA,NA,NA
"410","ZcTag096",180774,1,"Transmission","Mk10",20,"08:00:00 18-Aug-2019","12:00:00 18-Aug-2019",NA,NA,NA,0,0,1200,15.5,NA,NA,NA,NA,NA,NA,NA
"411","ZcTag096",180774,1,"Transmission","Mk10",16,"12:00:00 18-Aug-2019","16:00:00 18-Aug-2019",NA,NA,NA,0,0,1296,15.5,NA,NA,NA,NA,NA,NA,NA
"412","ZcTag096",180774,1,"Transmission","Mk10",16,"16:00:00 18-Aug-2019","20:00:00 18-Aug-2019",NA,NA,NA,0,0,1488,15.5,NA,NA,NA,NA,NA,NA,NA
"413","ZcTag096",180774,1,"Transmission","Mk10",17,"20:00:00 18-Aug-2019","00:00:00 19-Aug-2019",NA,NA,NA,0,0,1360,15.5,NA,NA,NA,NA,NA,NA,NA
"414","ZcTag096",180774,1,"Transmission","Mk10",16,"00:00:00 19-Aug-2019","04:00:00 19-Aug-2019",NA,NA,NA,0,0,1264,15.5,NA,NA,NA,NA,NA,NA,NA
"415","ZcTag096",180774,1,"Transmission","Mk10",11,"04:00:00 19-Aug-2019","08:00:00 19-Aug-2019",NA,NA,NA,0,0,1296,15.5,NA,NA,NA,NA,NA,NA,NA
"416","ZcTag096",180774,1,"Transmission","Mk10",15,"08:00:00 19-Aug-2019","12:00:00 19-Aug-2019",NA,NA,NA,0,0,992,7.5,NA,NA,NA,NA,NA,NA,NA
"417","ZcTag096",180774,1,"Transmission","Mk10",13,"12:00:00 19-Aug-2019","16:00:00 19-Aug-2019",NA,NA,NA,0,0,1424,15.5,NA,NA,NA,NA,NA,NA,NA
"418","ZcTag096",180774,1,"Transmission","Mk10",14,"16:00:00 19-Aug-2019","20:00:00 19-Aug-2019",NA,NA,NA,0,0,1200,15.5,NA,NA,NA,NA,NA,NA,NA
"419","ZcTag096",180774,1,"Transmission","Mk10",12,"20:00:00 19-Aug-2019","00:00:00 20-Aug-2019",NA,NA,NA,0,0,1136,15.5,NA,NA,NA,NA,NA,NA,NA
"420","ZcTag096",180774,1,"Transmission","Mk10",11,"00:00:00 20-Aug-2019","04:00:00 20-Aug-2019",NA,NA,NA,0,0,1424,15.5,NA,NA,NA,NA,NA,NA,NA
"421","ZcTag096",180774,1,"Transmission","Mk10",18,"04:00:00 20-Aug-2019","08:00:00 20-Aug-2019",NA,NA,NA,0,0,1456,15.5,NA,NA,NA,NA,NA,NA,NA
"422","ZcTag096",180774,1,"Transmission","Mk10",16,"08:00:00 20-Aug-2019","12:00:00 20-Aug-2019",NA,NA,NA,0,0,1264,15.5,NA,NA,NA,NA,NA,NA,NA
"423","ZcTag096",180774,1,"Transmission","Mk10",13,"12:00:00 20-Aug-2019","16:00:00 20-Aug-2019",NA,NA,NA,0,0,960,7.5,NA,NA,NA,NA,NA,NA,NA
"424","ZcTag096",180774,1,"Transmission","Mk10",16,"16:00:00 20-Aug-2019","20:00:00 20-Aug-2019",NA,NA,NA,0,0,1296,15.5,NA,NA,NA,NA,NA,NA,NA
"425","ZcTag096",180774,1,"Transmission","Mk10",13,"20:00:00 20-Aug-2019","00:00:00 21-Aug-2019",NA,NA,NA,0,0,1200,15.5,NA,NA,NA,NA,NA,NA,NA
"426","ZcTag096",180774,1,"Transmission","Mk10",14,"00:00:00 21-Aug-2019","04:00:00 21-Aug-2019",NA,NA,NA,0,0,1264,15.5,NA,NA,NA,NA,NA,NA,NA
"427","ZcTag096",180774,1,"Transmission","Mk10",17,"04:00:00 21-Aug-2019","08:00:00 21-Aug-2019",NA,NA,NA,0,0,1456,15.5,NA,NA,NA,NA,NA,NA,NA
"428","ZcTag096",180774,1,"Transmission","Mk10",14,"08:00:00 21-Aug-2019","12:00:00 21-Aug-2019",NA,NA,NA,0,0,640,7.5,NA,NA,NA,NA,NA,NA,NA
"429","ZcTag096",180774,1,"Transmission","Mk10",11,"12:00:00 21-Aug-2019","16:00:00 21-Aug-2019",NA,NA,NA,0,0,1328,15.5,NA,NA,NA,NA,NA,NA,NA
"430","ZcTag096",180774,1,"Transmission","Mk10",8,"16:00:00 21-Aug-2019","20:00:00 21-Aug-2019",NA,NA,NA,0,0,1520,15.5,NA,NA,NA,NA,NA,NA,NA
"431","ZcTag096",180774,1,"Transmission","Mk10",8,"20:00:00 21-Aug-2019","00:00:00 22-Aug-2019",NA,NA,NA,0,0,1264,15.5,NA,NA,NA,NA,NA,NA,NA
"432","ZcTag096",180774,1,"Transmission","Mk10",10,"00:00:00 22-Aug-2019","04:00:00 22-Aug-2019",NA,NA,NA,0,0,1360,15.5,NA,NA,NA,NA,NA,NA,NA
"433","ZcTag096",180774,1,"Transmission","Mk10",6,"04:00:00 22-Aug-2019","08:00:00 22-Aug-2019",NA,NA,NA,0,0,1264,15.5,NA,NA,NA,NA,NA,NA,NA
"434","ZcTag096",180774,1,"Transmission","Mk10",13,"08:00:00 22-Aug-2019","12:00:00 22-Aug-2019",NA,NA,NA,0,0,1776,15.5,NA,NA,NA,NA,NA,NA,NA
"435","ZcTag096",180774,1,"Transmission","Mk10",12,"12:00:00 22-Aug-2019","16:00:00 22-Aug-2019",NA,NA,NA,0,0,1712,15.5,NA,NA,NA,NA,NA,NA,NA
"436","ZcTag096",180774,1,"Transmission","Mk10",10,"16:00:00 22-Aug-2019","20:00:00 22-Aug-2019",NA,NA,NA,0,0,1520,15.5,NA,NA,NA,NA,NA,NA,NA
"437","ZcTag096",180774,1,"Transmission","Mk10",9,"20:00:00 22-Aug-2019","00:00:00 23-Aug-2019",NA,NA,NA,0,0,1296,15.5,NA,NA,NA,NA,NA,NA,NA
"438","ZcTag096",180774,1,"Transmission","Mk10",9,"00:00:00 23-Aug-2019","04:00:00 23-Aug-2019",NA,NA,NA,0,0,1232,15.5,NA,NA,NA,NA,NA,NA,NA
"439","ZcTag096",180774,1,"Transmission","Mk10",6,"04:00:00 23-Aug-2019","08:00:00 23-Aug-2019",NA,NA,NA,0,0,1168,15.5,NA,NA,NA,NA,NA,NA,NA
"440","ZcTag096",180774,1,"Transmission","Mk10",7,"08:00:00 23-Aug-2019","12:00:00 23-Aug-2019",NA,NA,NA,0,0,1200,15.5,NA,NA,NA,NA,NA,NA,NA
"441","ZcTag096",180774,1,"Transmission","Mk10",4,"12:00:00 23-Aug-2019","16:00:00 23-Aug-2019",NA,NA,NA,0,0,1360,15.5,NA,NA,NA,NA,NA,NA,NA
"442","ZcTag096",180774,1,"Transmission","Mk10",5,"16:00:00 23-Aug-2019","20:00:00 23-Aug-2019",NA,NA,NA,0,0,1232,15.5,NA,NA,NA,NA,NA,NA,NA
"443","ZcTag096",180774,1,"Transmission","Mk10",4,"20:00:00 23-Aug-2019","00:00:00 24-Aug-2019",NA,NA,NA,0,0,1136,15.5,NA,NA,NA,NA,NA,NA,NA
"444","ZcTag096",180774,1,"Transmission","Mk10",5,"00:00:00 24-Aug-2019","04:00:00 24-Aug-2019",NA,NA,NA,0,0,1360,15.5,NA,NA,NA,NA,NA,NA,NA
"445","ZcTag096",180774,1,"Transmission","Mk10",4,"04:00:00 24-Aug-2019","08:00:00 24-Aug-2019",NA,NA,NA,0,0,1488,15.5,NA,NA,NA,NA,NA,NA,NA
"446","ZcTag096",180774,1,"Transmission","Mk10",8,"08:00:00 24-Aug-2019","12:00:00 24-Aug-2019",NA,NA,NA,0,0,1264,15.5,NA,NA,NA,NA,NA,NA,NA
"447","ZcTag096",180774,1,"Transmission","Mk10",9,"12:00:00 24-Aug-2019","16:00:00 24-Aug-2019",NA,NA,NA,0,0,1648,15.5,NA,NA,NA,NA,NA,NA,NA
"448","ZcTag096",180774,1,"Transmission","Mk10",10,"16:00:00 24-Aug-2019","20:00:00 24-Aug-2019",NA,NA,NA,0,0,1424,15.5,NA,NA,NA,NA,NA,NA,NA
"449","ZcTag096",180774,1,"Transmission","Mk10",8,"20:00:00 24-Aug-2019","00:00:00 25-Aug-2019",NA,NA,NA,0,0,1616,15.5,NA,NA,NA,NA,NA,NA,NA
"450","ZcTag096",180774,1,"Transmission","Mk10",9,"00:00:00 25-Aug-2019","04:00:00 25-Aug-2019",NA,NA,NA,0,0,1456,15.5,NA,NA,NA,NA,NA,NA,NA
"451","ZcTag096",180774,1,"Transmission","Mk10",13,"04:00:00 25-Aug-2019","08:00:00 25-Aug-2019",NA,NA,NA,0,0,1424,15.5,NA,NA,NA,NA,NA,NA,NA
"452","ZcTag096",180774,1,"Transmission","Mk10",11,"08:00:00 25-Aug-2019","12:00:00 25-Aug-2019",NA,NA,NA,0,0,1328,15.5,NA,NA,NA,NA,NA,NA,NA
"453","ZcTag096",180774,1,"Transmission","Mk10",13,"12:00:00 25-Aug-2019","16:00:00 25-Aug-2019",NA,NA,NA,0,0,1360,15.5,NA,NA,NA,NA,NA,NA,NA
"454","ZcTag096",180774,1,"Transmission","Mk10",11,"16:00:00 25-Aug-2019","20:00:00 25-Aug-2019",NA,NA,NA,0,0,1264,15.5,NA,NA,NA,NA,NA,NA,NA
"455","ZcTag096",180774,1,"Transmission","Mk10",9,"20:00:00 25-Aug-2019","00:00:00 26-Aug-2019",NA,NA,NA,0,0,1328,15.5,NA,NA,NA,NA,NA,NA,NA
"456","ZcTag091",180777,1,"Transmission","Mk10",1,"12:00:00 04-Aug-2019","12:00:00 04-Aug-2019",NA,NA,NA,0,0,384,3.5,NA,NA,NA,NA,NA,NA,NA
